"2024-07-08T03:07:18Z";"CREATE_CHEST";"{"chest":{"location":{"world":"world","x":-60.0,"y":32.0,"z":-57.0},"createdAt":1720408038022,"expireAt":1720408638022,"owner":{"name":"Yawero","op":true,"id":"eebe3820-7699-4d83-85ea-a528b76a29f1","entity-id":45,"location":{"world":"world","x":-59.66971464533514,"y":32.0,"z":-56.2616944471705,"yaw":153.7636,"pitch":72.60196}},"isProtected":false,"inventory":{"type":"CHEST","size":9,"content":[{"v":3953,"type":"OAK_SLAB","amount":64},{"v":3953,"type":"OAK_STAIRS","amount":64},{"v":3953,"type":"OAK_PLANKS","amount":64}]}}}"
"2024-07-08T03:08:07Z";"RELOAD_PLUGIN";"{"sender":{"name":"Yawero","op":true,"id":"eebe3820-7699-4d83-85ea-a528b76a29f1","entity-id":45,"location":{"world":"world","x":-63.69273497426293,"y":33.0,"z":-62.64584334167823,"yaw":100.54274,"pitch":14.45818}}}"
"2024-07-08T03:08:16Z";"DESTROY_CHEST";"{"chest":{"location":{"world":"world","x":-60.0,"y":32.0,"z":-57.0},"createdAt":1720408038022,"expireAt":1720408638022,"owner":{"name":"Yawero","op":true,"id":"eebe3820-7699-4d83-85ea-a528b76a29f1","entity-id":45,"location":{"world":"world","x":-60.621452405723986,"y":32.0,"z":-57.53204208701426,"yaw":-45.193348,"pitch":36.988274}},"isProtected":false,"inventory":{"type":"CHEST","size":9,"content":[]}},"reason":"BREAK","extra":{"player":{"name":"Yawero","op":true,"id":"eebe3820-7699-4d83-85ea-a528b76a29f1","entity-id":45,"location":{"world":"world","x":-60.621452405723986,"y":32.0,"z":-57.53204208701426,"yaw":-45.193348,"pitch":36.988274}}}}"
"2024-07-08T03:08:24Z";"CREATE_CHEST";"{"chest":{"location":{"world":"world","x":-62.0,"y":31.0,"z":-70.0},"createdAt":1720408104324,"expireAt":1720409004324,"owner":{"name":"Yawero","op":true,"id":"eebe3820-7699-4d83-85ea-a528b76a29f1","entity-id":45,"location":{"world":"world","x":-61.40772252534039,"y":31.0,"z":-69.92921503980328,"yaw":161.66396,"pitch":81.20586}},"isProtected":false,"inventory":{"type":"CHEST","size":9,"content":[{"v":3953,"type":"OAK_SLAB","amount":64},{"v":3953,"type":"OAK_STAIRS","amount":64},{"v":3953,"type":"OAK_PLANKS","amount":64}]}}}"
"2024-07-08T03:09:20Z";"DESTROY_CHEST";"{"chest":{"location":{"world":"world","x":-62.0,"y":31.0,"z":-70.0},"createdAt":1720408104324,"expireAt":1720409004324,"owner":{"name":"Yawero","op":true,"id":"eebe3820-7699-4d83-85ea-a528b76a29f1","entity-id":45,"location":{"world":"world","x":-60.40692616097518,"y":31.0,"z":-69.3856760113133,"yaw":104.667534,"pitch":45.015636}},"isProtected":false,"inventory":{"type":"CHEST","size":9,"content":[]}},"reason":"BREAK","extra":{"player":{"name":"Yawero","op":true,"id":"eebe3820-7699-4d83-85ea-a528b76a29f1","entity-id":45,"location":{"world":"world","x":-60.40692616097518,"y":31.0,"z":-69.3856760113133,"yaw":104.667534,"pitch":45.015636}}}}"
"2024-07-08T03:10:07Z";"CREATE_CHEST";"{"chest":{"location":{"world":"world","x":-58.0,"y":31.0,"z":-73.0},"createdAt":1720408207126,"expireAt":1720409107126,"owner":{"name":"Yawero","op":true,"id":"eebe3820-7699-4d83-85ea-a528b76a29f1","entity-id":45,"location":{"world":"world","x":-57.90218671630046,"y":31.0,"z":-72.16744927459861,"yaw":87.820465,"pitch":46.523647}},"isProtected":false,"inventory":{"type":"CHEST","size":36,"content":[{"v":3953,"type":"OAK_STAIRS","amount":64},{"v":3953,"type":"OAK_SLAB","amount":64},{"v":3953,"type":"OAK_PLANKS","amount":64},{"v":3953,"type":"BLACK_BED"},{"v":3953,"type":"WARPED_HYPHAE","amount":64},{"v":3953,"type":"NETHERITE_BLOCK","amount":64},{"v":3953,"type":"NETHERITE_BLOCK","amount":64},{"v":3953,"type":"NETHERITE_BLOCK","amount":64},{"v":3953,"type":"NETHERITE_BLOCK","amount":64},{"v":3953,"type":"NETHERITE_BLOCK","amount":64},{"v":3953,"type":"NETHERITE_BLOCK","amount":64},{"v":3953,"type":"NETHERITE_BLOCK","amount":64},{"v":3953,"type":"NETHERITE_BLOCK","amount":64},{"v":3953,"type":"NETHERITE_BLOCK","amount":64},{"v":3953,"type":"NETHERITE_BLOCK","amount":64},{"v":3953,"type":"NETHERITE_BLOCK","amount":64},{"v":3953,"type":"NETHERITE_BLOCK","amount":64},{"v":3953,"type":"NETHERITE_BLOCK","amount":64},{"v":3953,"type":"NETHERITE_BLOCK","amount":64},{"v":3953,"type":"NETHERITE_BLOCK","amount":64},{"v":3953,"type":"NETHERITE_BLOCK","amount":64},{"v":3953,"type":"NETHERITE_BLOCK","amount":64},{"v":3953,"type":"NETHERITE_BLOCK","amount":64},{"v":3953,"type":"NETHERITE_BLOCK","amount":64},{"v":3953,"type":"NETHERITE_BLOCK","amount":64},{"v":3953,"type":"NETHERITE_BLOCK","amount":64},{"v":3953,"type":"NETHERITE_BLOCK","amount":64},{"v":3953,"type":"NETHERITE_BLOCK","amount":64},{"v":3953,"type":"NETHERITE_BLOCK","amount":64},{"v":3953,"type":"NETHERITE_BLOCK","amount":64},{"v":3953,"type":"NETHERITE_BLOCK","amount":64},{"v":3953,"type":"NETHERITE_BLOCK","amount":64},{"v":3953,"type":"NETHERITE_BOOTS"},{"v":3953,"type":"NETHERITE_LEGGINGS"},{"v":3953,"type":"NETHERITE_CHESTPLATE"},{"v":3953,"type":"NETHERITE_HELMET"}]}}}"
"2024-07-08T03:10:49Z";"RELOAD_PLUGIN";"{"sender":{"name":"Yawero","op":true,"id":"eebe3820-7699-4d83-85ea-a528b76a29f1","entity-id":45,"location":{"world":"world","x":-67.72785433428929,"y":36.0,"z":-83.5143062842439,"yaw":-45.04102,"pitch":35.480503}}}"
"2024-07-08T03:11:05Z";"DESTROY_CHEST";"{"chest":{"location":{"world":"world","x":-58.0,"y":31.0,"z":-73.0},"createdAt":1720408207126,"expireAt":1720409107126,"owner":{"name":"Yawero","op":true,"id":"eebe3820-7699-4d83-85ea-a528b76a29f1","entity-id":45,"location":{"world":"world","x":-59.10254810434213,"y":31.0,"z":-72.19502695885888,"yaw":-104.33789,"pitch":32.154186}},"isProtected":false,"inventory":{"type":"CHEST","size":36,"content":[]}},"reason":"BREAK","extra":{"player":{"name":"Yawero","op":true,"id":"eebe3820-7699-4d83-85ea-a528b76a29f1","entity-id":45,"location":{"world":"world","x":-59.10254810434213,"y":31.0,"z":-72.19502695885888,"yaw":-104.33789,"pitch":32.154186}}}}"
"2024-07-08T03:11:22Z";"CREATE_CHEST";"{"chest":{"location":{"world":"world","x":-66.0,"y":36.0,"z":-89.0},"createdAt":1720408282525,"expireAt":1720409182525,"owner":{"name":"Yawero","op":true,"id":"eebe3820-7699-4d83-85ea-a528b76a29f1","entity-id":45,"location":{"world":"world","x":-65.1771227109068,"y":36.0,"z":-88.76255250738384,"yaw":4.549103,"pitch":67.57775}},"isProtected":false,"inventory":{"type":"CHEST","size":36,"content":[{"v":3953,"type":"OAK_STAIRS","amount":64},{"v":3953,"type":"OAK_SLAB","amount":64},{"v":3953,"type":"BLACK_BED"},{"v":3953,"type":"NETHERITE_BLOCK","amount":64},{"v":3953,"type":"NETHERITE_BLOCK","amount":64},{"v":3953,"type":"NETHERITE_BLOCK","amount":64},{"v":3953,"type":"NETHERITE_BLOCK","amount":64},{"v":3953,"type":"NETHERITE_BLOCK","amount":64},{"v":3953,"type":"NETHERITE_BLOCK","amount":64},{"v":3953,"type":"NETHERITE_BLOCK","amount":64},{"v":3953,"type":"NETHERITE_BLOCK","amount":64},{"v":3953,"type":"NETHERITE_BLOCK","amount":64},{"v":3953,"type":"NETHERITE_BLOCK","amount":64},{"v":3953,"type":"NETHERITE_BLOCK","amount":64},{"v":3953,"type":"NETHERITE_BLOCK","amount":64},{"v":3953,"type":"NETHERITE_BLOCK","amount":64},{"v":3953,"type":"OAK_PLANKS","amount":64},{"v":3953,"type":"NETHERITE_BLOCK","amount":64},{"v":3953,"type":"NETHERITE_BLOCK","amount":64},{"v":3953,"type":"NETHERITE_BLOCK","amount":64},{"v":3953,"type":"NETHERITE_BLOCK","amount":64},{"v":3953,"type":"NETHERITE_BLOCK","amount":64},{"v":3953,"type":"NETHERITE_BLOCK","amount":64},{"v":3953,"type":"NETHERITE_BLOCK","amount":64},{"v":3953,"type":"WARPED_HYPHAE","amount":64},{"v":3953,"type":"NETHERITE_BLOCK","amount":64},{"v":3953,"type":"NETHERITE_BLOCK","amount":64},{"v":3953,"type":"NETHERITE_BLOCK","amount":64},{"v":3953,"type":"NETHERITE_BLOCK","amount":64},{"v":3953,"type":"NETHERITE_BLOCK","amount":64},{"v":3953,"type":"NETHERITE_BLOCK","amount":64},{"v":3953,"type":"NETHERITE_BLOCK","amount":64},{"v":3953,"type":"NETHERITE_BOOTS"},{"v":3953,"type":"NETHERITE_LEGGINGS"},{"v":3953,"type":"NETHERITE_CHESTPLATE"},{"v":3953,"type":"NETHERITE_HELMET"}]}}}"
"2024-07-08T03:11:45Z";"DESTROY_CHEST";"{"chest":{"location":{"world":"world","x":-66.0,"y":36.0,"z":-89.0},"createdAt":1720408282525,"expireAt":1720409182525,"owner":{"name":"Yawero","op":true,"id":"eebe3820-7699-4d83-85ea-a528b76a29f1","entity-id":45,"location":{"world":"world","x":-64.8388223870604,"y":36.0,"z":-89.23750001192093,"yaw":45.307434,"pitch":41.246056}},"isProtected":false,"inventory":{"type":"CHEST","size":36,"content":[{"v":3953,"type":"OAK_STAIRS","amount":64},{"v":3953,"type":"OAK_SLAB","amount":64},{"v":3953,"type":"BLACK_BED"},{"v":3953,"type":"NETHERITE_BLOCK","amount":64},{"v":3953,"type":"NETHERITE_BLOCK","amount":64},{"v":3953,"type":"NETHERITE_BLOCK","amount":64},{"v":3953,"type":"NETHERITE_BLOCK","amount":64},{"v":3953,"type":"NETHERITE_BLOCK","amount":64},{"v":3953,"type":"NETHERITE_BLOCK","amount":64},{"v":3953,"type":"NETHERITE_BLOCK","amount":64},{"v":3953,"type":"NETHERITE_BLOCK","amount":64},{"v":3953,"type":"NETHERITE_BLOCK","amount":64},{"v":3953,"type":"NETHERITE_BLOCK","amount":64},{"v":3953,"type":"NETHERITE_BLOCK","amount":64},{"v":3953,"type":"NETHERITE_BLOCK","amount":64},{"v":3953,"type":"NETHERITE_BLOCK","amount":64},{"v":3953,"type":"OAK_PLANKS","amount":64},{"v":3953,"type":"NETHERITE_BLOCK","amount":64},{"v":3953,"type":"NETHERITE_BLOCK","amount":64},{"v":3953,"type":"NETHERITE_BLOCK","amount":64},{"v":3953,"type":"NETHERITE_BLOCK","amount":64},{"v":3953,"type":"NETHERITE_BLOCK","amount":64},{"v":3953,"type":"NETHERITE_BLOCK","amount":64},{"v":3953,"type":"NETHERITE_BLOCK","amount":64},{"v":3953,"type":"WARPED_HYPHAE","amount":64},{"v":3953,"type":"NETHERITE_BLOCK","amount":64},{"v":3953,"type":"NETHERITE_BLOCK","amount":64},{"v":3953,"type":"NETHERITE_BLOCK","amount":64},{"v":3953,"type":"NETHERITE_BLOCK","amount":64},{"v":3953,"type":"NETHERITE_BLOCK","amount":64},{"v":3953,"type":"NETHERITE_BLOCK","amount":64},{"v":3953,"type":"NETHERITE_BLOCK","amount":64},{"v":3953,"type":"NETHERITE_BOOTS"},{"v":3953,"type":"NETHERITE_LEGGINGS"},{"v":3953,"type":"NETHERITE_CHESTPLATE"},{"v":3953,"type":"NETHERITE_HELMET"}]}},"reason":"BREAK","extra":{"player":{"name":"Yawero","op":true,"id":"eebe3820-7699-4d83-85ea-a528b76a29f1","entity-id":45,"location":{"world":"world","x":-64.8388223870604,"y":36.0,"z":-89.23750001192093,"yaw":45.307434,"pitch":41.246056}}}}"
"2024-07-08T03:11:55Z";"CREATE_CHEST";"{"chest":{"location":{"world":"world","x":-58.0,"y":31.0,"z":-72.0},"createdAt":1720408315972,"expireAt":1720409215972,"owner":{"name":"Yawero","op":true,"id":"eebe3820-7699-4d83-85ea-a528b76a29f1","entity-id":45,"location":{"world":"world","x":-57.317949817574224,"y":31.0,"z":-71.17808562237335,"yaw":-107.43616,"pitch":61.793015}},"isProtected":false,"inventory":{"type":"CHEST","size":36,"content":[{"v":3953,"type":"OAK_STAIRS","amount":64},{"v":3953,"type":"OAK_SLAB","amount":64},{"v":3953,"type":"NETHERITE_BLOCK","amount":64},{"v":3953,"type":"NETHERITE_BLOCK","amount":64},{"v":3953,"type":"NETHERITE_BLOCK","amount":64},{"v":3953,"type":"NETHERITE_BLOCK","amount":64},{"v":3953,"type":"NETHERITE_BLOCK","amount":64},{"v":3953,"type":"NETHERITE_BLOCK","amount":64},{"v":3953,"type":"NETHERITE_BLOCK","amount":64},{"v":3953,"type":"NETHERITE_BLOCK","amount":64},{"v":3953,"type":"NETHERITE_BLOCK","amount":64},{"v":3953,"type":"NETHERITE_BLOCK","amount":64},{"v":3953,"type":"NETHERITE_BLOCK","amount":64},{"v":3953,"type":"NETHERITE_BLOCK","amount":64},{"v":3953,"type":"NETHERITE_BLOCK","amount":64},{"v":3953,"type":"OAK_PLANKS","amount":64},{"v":3953,"type":"NETHERITE_BLOCK","amount":64},{"v":3953,"type":"NETHERITE_BLOCK","amount":64},{"v":3953,"type":"NETHERITE_BLOCK","amount":64},{"v":3953,"type":"NETHERITE_BLOCK","amount":64},{"v":3953,"type":"NETHERITE_BLOCK","amount":64},{"v":3953,"type":"NETHERITE_BLOCK","amount":64},{"v":3953,"type":"NETHERITE_BLOCK","amount":64},{"v":3953,"type":"WARPED_HYPHAE","amount":64},{"v":3953,"type":"NETHERITE_BLOCK","amount":64},{"v":3953,"type":"NETHERITE_BLOCK","amount":64},{"v":3953,"type":"NETHERITE_BLOCK","amount":64},{"v":3953,"type":"NETHERITE_BLOCK","amount":64},{"v":3953,"type":"NETHERITE_BLOCK","amount":64},{"v":3953,"type":"NETHERITE_BLOCK","amount":64},{"v":3953,"type":"NETHERITE_BOOTS"},{"v":3953,"type":"NETHERITE_CHESTPLATE"},{"v":3953,"type":"NETHERITE_HELMET"},{"v":3953,"type":"NETHERITE_BLOCK","amount":64},{"v":3953,"type":"BLACK_BED"},{"v":3953,"type":"NETHERITE_LEGGINGS"}]}}}"
"2024-07-08T03:12:17Z";"DESTROY_CHEST";"{"chest":{"location":{"world":"world","x":-58.0,"y":31.0,"z":-72.0},"createdAt":1720408315972,"expireAt":1720409215972,"owner":{"name":"Yawero","op":true,"id":"eebe3820-7699-4d83-85ea-a528b76a29f1","entity-id":45,"location":{"world":"world","x":-57.58319896376633,"y":31.875,"z":-70.82388663938191,"yaw":-175.83102,"pitch":66.40549}},"isProtected":false,"inventory":{"type":"CHEST","size":36,"content":[]}},"reason":"BREAK","extra":{"player":{"name":"Yawero","op":true,"id":"eebe3820-7699-4d83-85ea-a528b76a29f1","entity-id":45,"location":{"world":"world","x":-57.58319896376633,"y":31.875,"z":-70.82388663938191,"yaw":-175.83102,"pitch":66.40549}}}}"
"2024-07-08T03:13:43Z";"RELOAD_PLUGIN";"{"sender":{"name":"Yawero","op":true,"id":"eebe3820-7699-4d83-85ea-a528b76a29f1","entity-id":45,"location":{"world":"world","x":-60.060532084745695,"y":31.0,"z":-73.92737239051581,"yaw":97.2861,"pitch":37.178432}}}"
"2024-07-08T03:13:48Z";"CREATE_CHEST";"{"chest":{"location":{"world":"world","x":-58.0,"y":31.0,"z":-72.0},"createdAt":1720408428716,"expireAt":1720409328716,"owner":{"name":"Yawero","op":true,"id":"eebe3820-7699-4d83-85ea-a528b76a29f1","entity-id":45,"location":{"world":"world","x":-57.91594391792375,"y":31.0,"z":-71.49862393288767,"yaw":80.92078,"pitch":90.0}},"isProtected":false,"inventory":{"type":"CHEST","size":36,"content":[{"v":3953,"type":"OAK_SLAB","amount":64},{"v":3953,"type":"NETHERITE_BLOCK","amount":64},{"v":3953,"type":"NETHERITE_BLOCK","amount":64},{"v":3953,"type":"NETHERITE_BLOCK","amount":64},{"v":3953,"type":"NETHERITE_BLOCK","amount":64},{"v":3953,"type":"NETHERITE_BLOCK","amount":64},{"v":3953,"type":"NETHERITE_BLOCK","amount":64},{"v":3953,"type":"NETHERITE_BLOCK","amount":64},{"v":3953,"type":"NETHERITE_BLOCK","amount":64},{"v":3953,"type":"NETHERITE_BLOCK","amount":64},{"v":3953,"type":"NETHERITE_BLOCK","amount":64},{"v":3953,"type":"NETHERITE_BLOCK","amount":64},{"v":3953,"type":"NETHERITE_BLOCK","amount":64},{"v":3953,"type":"NETHERITE_BLOCK","amount":64},{"v":3953,"type":"NETHERITE_BLOCK","amount":64},{"v":3953,"type":"WARPED_HYPHAE","amount":64},{"v":3953,"type":"NETHERITE_BLOCK","amount":64},{"v":3953,"type":"NETHERITE_BLOCK","amount":64},{"v":3953,"type":"NETHERITE_BLOCK","amount":64},{"v":3953,"type":"NETHERITE_BLOCK","amount":64},{"v":3953,"type":"NETHERITE_BOOTS"},{"v":3953,"type":"NETHERITE_CHESTPLATE"},{"v":3953,"type":"NETHERITE_BLOCK","amount":64},{"v":3953,"type":"NETHERITE_LEGGINGS"},{"v":3953,"type":"NETHERITE_BLOCK","amount":64},{"v":3953,"type":"OAK_STAIRS","amount":64},{"v":3953,"type":"NETHERITE_BLOCK","amount":64},{"v":3953,"type":"OAK_PLANKS","amount":64},{"v":3953,"type":"NETHERITE_BLOCK","amount":64},{"v":3953,"type":"BLACK_BED"},{"v":3953,"type":"NETHERITE_BLOCK","amount":64},{"v":3953,"type":"NETHERITE_BLOCK","amount":64},{"v":3953,"type":"NETHERITE_BLOCK","amount":64},{"v":3953,"type":"NETHERITE_BLOCK","amount":64},{"v":3953,"type":"NETHERITE_HELMET"},{"v":3953,"type":"NETHERITE_BLOCK","amount":64}]}}}"
