"2024-07-07T20:47:54Z";"CREATE_CHEST";"{"chest":{"location":{"world":"world","x":90.0,"y":23.0,"z":80.0},"createdAt":1720385274477,"expireAt":1720385874477,"owner":{"name":"Yawero","op":true,"id":"eebe3820-7699-4d83-85ea-a528b76a29f1","entity-id":15,"location":{"world":"world","x":90.87966798387755,"y":23.0,"z":80.30025265204881,"yaw":-2.6933289,"pitch":90.0}},"isProtected":false,"inventory":{"type":"CHEST","size":9,"content":[{"v":3953,"type":"WATER_BUCKET"},{"v":3953,"type":"BLACK_CARPET","amount":57},{"v":3953,"type":"BARRIER"},{"v":3953,"type":"NETHERITE_SWORD"},{"v":3953,"type":"FIREWORK_ROCKET","amount":48},{"v":3953,"type":"ELYTRA","meta":{"meta-type":"UNSPECIFIC","Damage":40}}]}}}"
"2024-07-07T20:49:13Z";"DESTROY_CHEST";"{"chest":{"location":{"world":"world","x":90.0,"y":23.0,"z":80.0},"createdAt":1720385274477,"expireAt":1720385874477,"owner":{"name":"Yawero","op":true,"id":"eebe3820-7699-4d83-85ea-a528b76a29f1","entity-id":15,"location":{"world":"world","x":91.60067577078995,"y":23.0,"z":81.51075464614273,"yaw":128.70554,"pitch":36.677933}},"isProtected":false,"inventory":{"type":"CHEST","size":9,"content":[]}},"reason":"BREAK","extra":{"player":{"name":"Yawero","op":true,"id":"eebe3820-7699-4d83-85ea-a528b76a29f1","entity-id":15,"location":{"world":"world","x":91.60067577078995,"y":23.0,"z":81.51075464614273,"yaw":128.70554,"pitch":36.677933}}}}"
"2024-07-07T20:49:41Z";"CREATE_CHEST";"{"chest":{"location":{"world":"world","x":94.0,"y":23.0,"z":84.0},"createdAt":1720385381832,"expireAt":1720385981832,"owner":{"name":"Yawero","op":true,"id":"eebe3820-7699-4d83-85ea-a528b76a29f1","entity-id":15,"location":{"world":"world","x":94.62341355856971,"y":23.0,"z":84.6555872938458,"yaw":179.13231,"pitch":89.6452}},"isProtected":false,"inventory":{"type":"CHEST","size":9,"content":[{"v":3953,"type":"CYAN_BED"},{"v":3953,"type":"WATER_BUCKET"},{"v":3953,"type":"BARRIER"},{"v":3953,"type":"FIREWORK_ROCKET","amount":48},{"v":3953,"type":"BLACK_CARPET","amount":57},{"v":3953,"type":"NETHERITE_SWORD"},{"v":3953,"type":"ELYTRA","meta":{"meta-type":"UNSPECIFIC","Damage":40}}]}}}"
"2024-07-07T20:51:30Z";"DESTROY_CHEST";"{"chest":{"location":{"world":"world","x":94.0,"y":23.0,"z":84.0},"createdAt":1720385381832,"expireAt":1720385981832,"owner":{"name":"Yawero","op":true,"id":"eebe3820-7699-4d83-85ea-a528b76a29f1","entity-id":15,"location":{"world":"world","x":92.95187283897943,"y":23.0,"z":85.84481639698257,"yaw":-127.60304,"pitch":29.094013}},"isProtected":false,"inventory":{"type":"CHEST","size":9,"content":[{"v":3953,"type":"CYAN_BED"},{"v":3953,"type":"WATER_BUCKET"},{"v":3953,"type":"BARRIER"},{"v":3953,"type":"FIREWORK_ROCKET","amount":48},{"v":3953,"type":"BLACK_CARPET","amount":57},{"v":3953,"type":"NETHERITE_SWORD"},{"v":3953,"type":"ELYTRA","meta":{"meta-type":"UNSPECIFIC","Damage":40}}]}},"reason":"BREAK","extra":{"player":{"name":"Yawero","op":true,"id":"eebe3820-7699-4d83-85ea-a528b76a29f1","entity-id":15,"location":{"world":"world","x":92.95187283897943,"y":23.0,"z":85.84481639698257,"yaw":-127.60304,"pitch":29.094013}}}}"
"2024-07-07T20:51:38Z";"CREATE_CHEST";"{"chest":{"location":{"world":"world","x":91.0,"y":23.0,"z":69.0},"createdAt":1720385498827,"expireAt":1720386098827,"owner":{"name":"Yawero","op":true,"id":"eebe3820-7699-4d83-85ea-a528b76a29f1","entity-id":15,"location":{"world":"world","x":91.35233641910678,"y":23.0,"z":69.08493150479609,"yaw":-173.23994,"pitch":64.32101}},"isProtected":false,"inventory":{"type":"CHEST","size":9,"content":[{"v":3953,"type":"CYAN_BED"},{"v":3953,"type":"WATER_BUCKET"},{"v":3953,"type":"BARRIER"},{"v":3953,"type":"FIREWORK_ROCKET","amount":46},{"v":3953,"type":"BLACK_CARPET","amount":57},{"v":3953,"type":"NETHERITE_SWORD"},{"v":3953,"type":"ELYTRA","meta":{"meta-type":"UNSPECIFIC","Damage":43}}]}}}"
"2024-07-07T20:54:20Z";"CREATE_CHEST";"{"chest":{"location":{"world":"world","x":95.0,"y":23.0,"z":67.0},"createdAt":1720385660473,"expireAt":1720386260473,"owner":{"name":"Yawero","op":true,"id":"eebe3820-7699-4d83-85ea-a528b76a29f1","entity-id":15,"location":{"world":"world","x":95.62663252754197,"y":23.0,"z":67.01854799815622,"yaw":97.88189,"pitch":90.0}},"isProtected":false,"inventory":{"type":"CHEST","size":45,"content":[{"v":3953,"type":"NETHERITE_BLOCK","amount":64},{"v":3953,"type":"NETHERITE_BLOCK","amount":64},{"v":3953,"type":"NETHERITE_BLOCK","amount":64},{"v":3953,"type":"NETHERITE_BLOCK","amount":64},{"v":3953,"type":"NETHERITE_BLOCK","amount":64},{"v":3953,"type":"NETHERITE_BLOCK","amount":64},{"v":3953,"type":"NETHERITE_BLOCK","amount":64},{"v":3953,"type":"NETHERITE_BLOCK","amount":64},{"v":3953,"type":"NETHERITE_BLOCK","amount":64},{"v":3953,"type":"NETHERITE_BLOCK","amount":64},{"v":3953,"type":"NETHERITE_BLOCK","amount":64},{"v":3953,"type":"NETHERITE_BLOCK","amount":64},{"v":3953,"type":"NETHERITE_BLOCK","amount":64},{"v":3953,"type":"NETHERITE_BLOCK","amount":64},{"v":3953,"type":"NETHERITE_BLOCK","amount":64},{"v":3953,"type":"NETHERITE_BLOCK","amount":64},{"v":3953,"type":"NETHERITE_BLOCK","amount":64},{"v":3953,"type":"NETHERITE_BLOCK","amount":64},{"v":3953,"type":"NETHERITE_BLOCK","amount":64},{"v":3953,"type":"NETHERITE_BLOCK","amount":64},{"v":3953,"type":"NETHERITE_BLOCK","amount":64},{"v":3953,"type":"NETHERITE_BLOCK","amount":64},{"v":3953,"type":"NETHERITE_BLOCK","amount":64},{"v":3953,"type":"NETHERITE_BLOCK","amount":64},{"v":3953,"type":"NETHERITE_BLOCK","amount":64},{"v":3953,"type":"NETHERITE_BLOCK","amount":64},{"v":3953,"type":"NETHERITE_BLOCK","amount":64},{"v":3953,"type":"NETHERITE_BLOCK","amount":64},{"v":3953,"type":"NETHERITE_BLOCK","amount":64},{"v":3953,"type":"NETHERITE_BLOCK","amount":64},{"v":3953,"type":"NETHERITE_BLOCK","amount":64},{"v":3953,"type":"NETHERITE_BLOCK","amount":64},{"v":3953,"type":"NETHERITE_BLOCK","amount":64},{"v":3953,"type":"NETHERITE_BLOCK","amount":64},{"v":3953,"type":"NETHERITE_BLOCK","amount":64},{"v":3953,"type":"NETHERITE_BLOCK","amount":64},{"v":3953,"type":"NETHERITE_BOOTS"},{"v":3953,"type":"NETHERITE_LEGGINGS"},{"v":3953,"type":"NETHERITE_CHESTPLATE"},{"v":3953,"type":"NETHERITE_HELMET"},{"v":3953,"type":"SHIELD"}]}}}"
"2024-07-07T20:55:46Z";"DESTROY_CHEST";"{"chest":{"location":{"world":"world","x":95.0,"y":23.0,"z":67.0},"createdAt":1720385660473,"expireAt":1720386260473,"owner":{"name":"Yawero","op":true,"id":"eebe3820-7699-4d83-85ea-a528b76a29f1","entity-id":15,"location":{"world":"world","x":95.86462435948073,"y":23.0,"z":66.16616480373148,"yaw":13.039185,"pitch":30.868069}},"isProtected":false,"inventory":{"type":"CHEST","size":45,"content":[]}},"reason":"BREAK","extra":{"player":{"name":"Yawero","op":true,"id":"eebe3820-7699-4d83-85ea-a528b76a29f1","entity-id":15,"location":{"world":"world","x":95.86462435948073,"y":23.0,"z":66.16616480373148,"yaw":13.039185,"pitch":30.868069}}}}"
"2024-07-07T20:56:08Z";"CREATE_CHEST";"{"chest":{"location":{"world":"world","x":95.0,"y":23.0,"z":70.0},"createdAt":1720385768975,"expireAt":1720386368975,"owner":{"name":"Yawero","op":true,"id":"eebe3820-7699-4d83-85ea-a528b76a29f1","entity-id":15,"location":{"world":"world","x":95.43127590933594,"y":23.0,"z":70.28694102135894,"yaw":42.887154,"pitch":58.95458}},"isProtected":false,"inventory":{"type":"CHEST","size":45,"content":[{"v":3953,"type":"NETHERITE_BLOCK","amount":64},{"v":3953,"type":"NETHERITE_BLOCK","amount":64},{"v":3953,"type":"NETHERITE_BLOCK","amount":64},{"v":3953,"type":"NETHERITE_BLOCK","amount":64},{"v":3953,"type":"NETHERITE_BLOCK","amount":64},{"v":3953,"type":"NETHERITE_BLOCK","amount":64},{"v":3953,"type":"NETHERITE_BLOCK","amount":64},{"v":3953,"type":"NETHERITE_BLOCK","amount":64},{"v":3953,"type":"NETHERITE_BLOCK","amount":64},{"v":3953,"type":"NETHERITE_BLOCK","amount":64},{"v":3953,"type":"NETHERITE_BLOCK","amount":64},{"v":3953,"type":"NETHERITE_BLOCK","amount":64},{"v":3953,"type":"NETHERITE_BLOCK","amount":64},{"v":3953,"type":"NETHERITE_BLOCK","amount":64},{"v":3953,"type":"NETHERITE_BLOCK","amount":64},{"v":3953,"type":"NETHERITE_BLOCK","amount":64},{"v":3953,"type":"NETHERITE_BLOCK","amount":64},{"v":3953,"type":"NETHERITE_BLOCK","amount":64},{"v":3953,"type":"NETHERITE_BLOCK","amount":64},{"v":3953,"type":"NETHERITE_BLOCK","amount":64},{"v":3953,"type":"NETHERITE_BLOCK","amount":64},{"v":3953,"type":"NETHERITE_BLOCK","amount":64},{"v":3953,"type":"NETHERITE_BLOCK","amount":64},{"v":3953,"type":"NETHERITE_BLOCK","amount":64},{"v":3953,"type":"NETHERITE_BLOCK","amount":64},{"v":3953,"type":"NETHERITE_BLOCK","amount":64},{"v":3953,"type":"NETHERITE_BLOCK","amount":64},{"v":3953,"type":"NETHERITE_BLOCK","amount":64},{"v":3953,"type":"NETHERITE_BLOCK","amount":64},{"v":3953,"type":"NETHERITE_BLOCK","amount":64},{"v":3953,"type":"NETHERITE_BLOCK","amount":64},{"v":3953,"type":"NETHERITE_BLOCK","amount":64},{"v":3953,"type":"NETHERITE_BLOCK","amount":64},{"v":3953,"type":"NETHERITE_BLOCK","amount":64},{"v":3953,"type":"NETHERITE_BLOCK","amount":64},{"v":3953,"type":"NETHERITE_BLOCK","amount":64},{"v":3953,"type":"NETHERITE_BOOTS"},{"v":3953,"type":"NETHERITE_LEGGINGS"},{"v":3953,"type":"NETHERITE_CHESTPLATE"},{"v":3953,"type":"NETHERITE_HELMET"},{"v":3953,"type":"SHIELD"}]}}}"
"2024-07-07T20:56:18Z";"DESTROY_CHEST";"{"chest":{"location":{"world":"world","x":95.0,"y":23.0,"z":70.0},"createdAt":1720385768975,"expireAt":1720386368975,"owner":{"name":"Yawero","op":true,"id":"eebe3820-7699-4d83-85ea-a528b76a29f1","entity-id":15,"location":{"world":"world","x":96.72920055142166,"y":23.0,"z":67.43365096287836,"yaw":20.179504,"pitch":16.27671}},"isProtected":false,"inventory":{"type":"CHEST","size":45,"content":[]}},"reason":"BREAK","extra":{"player":{"name":"Yawero","op":true,"id":"eebe3820-7699-4d83-85ea-a528b76a29f1","entity-id":15,"location":{"world":"world","x":96.72920055142166,"y":23.0,"z":67.43365096287836,"yaw":20.179504,"pitch":16.27671}}}}"
