"2024-07-08T03:07:18Z";"CREATE_CHEST";"{"chest":{"location":{"world":"world","x":-60.0,"y":32.0,"z":-57.0},"createdAt":1720408038022,"expireAt":1720408638022,"owner":{"name":"Yawero","op":true,"id":"eebe3820-7699-4d83-85ea-a528b76a29f1","entity-id":45,"location":{"world":"world","x":-59.66971464533514,"y":32.0,"z":-56.2616944471705,"yaw":153.7636,"pitch":72.60196}},"isProtected":false,"inventory":{"type":"CHEST","size":9,"content":[{"v":3953,"type":"OAK_SLAB","amount":64},{"v":3953,"type":"OAK_STAIRS","amount":64},{"v":3953,"type":"OAK_PLANKS","amount":64}]}}}"
"2024-07-08T03:08:07Z";"RELOAD_PLUGIN";"{"sender":{"name":"Yawero","op":true,"id":"eebe3820-7699-4d83-85ea-a528b76a29f1","entity-id":45,"location":{"world":"world","x":-63.69273497426293,"y":33.0,"z":-62.64584334167823,"yaw":100.54274,"pitch":14.45818}}}"
"2024-07-08T03:08:16Z";"DESTROY_CHEST";"{"chest":{"location":{"world":"world","x":-60.0,"y":32.0,"z":-57.0},"createdAt":1720408038022,"expireAt":1720408638022,"owner":{"name":"Yawero","op":true,"id":"eebe3820-7699-4d83-85ea-a528b76a29f1","entity-id":45,"location":{"world":"world","x":-60.621452405723986,"y":32.0,"z":-57.53204208701426,"yaw":-45.193348,"pitch":36.988274}},"isProtected":false,"inventory":{"type":"CHEST","size":9,"content":[]}},"reason":"BREAK","extra":{"player":{"name":"Yawero","op":true,"id":"eebe3820-7699-4d83-85ea-a528b76a29f1","entity-id":45,"location":{"world":"world","x":-60.621452405723986,"y":32.0,"z":-57.53204208701426,"yaw":-45.193348,"pitch":36.988274}}}}"
"2024-07-08T03:08:24Z";"CREATE_CHEST";"{"chest":{"location":{"world":"world","x":-62.0,"y":31.0,"z":-70.0},"createdAt":1720408104324,"expireAt":1720409004324,"owner":{"name":"Yawero","op":true,"id":"eebe3820-7699-4d83-85ea-a528b76a29f1","entity-id":45,"location":{"world":"world","x":-61.40772252534039,"y":31.0,"z":-69.92921503980328,"yaw":161.66396,"pitch":81.20586}},"isProtected":false,"inventory":{"type":"CHEST","size":9,"content":[{"v":3953,"type":"OAK_SLAB","amount":64},{"v":3953,"type":"OAK_STAIRS","amount":64},{"v":3953,"type":"OAK_PLANKS","amount":64}]}}}"
"2024-07-08T03:09:20Z";"DESTROY_CHEST";"{"chest":{"location":{"world":"world","x":-62.0,"y":31.0,"z":-70.0},"createdAt":1720408104324,"expireAt":1720409004324,"owner":{"name":"Yawero","op":true,"id":"eebe3820-7699-4d83-85ea-a528b76a29f1","entity-id":45,"location":{"world":"world","x":-60.40692616097518,"y":31.0,"z":-69.3856760113133,"yaw":104.667534,"pitch":45.015636}},"isProtected":false,"inventory":{"type":"CHEST","size":9,"content":[]}},"reason":"BREAK","extra":{"player":{"name":"Yawero","op":true,"id":"eebe3820-7699-4d83-85ea-a528b76a29f1","entity-id":45,"location":{"world":"world","x":-60.40692616097518,"y":31.0,"z":-69.3856760113133,"yaw":104.667534,"pitch":45.015636}}}}"
"2024-07-08T03:10:07Z";"CREATE_CHEST";"{"chest":{"location":{"world":"world","x":-58.0,"y":31.0,"z":-73.0},"createdAt":1720408207126,"expireAt":1720409107126,"owner":{"name":"Yawero","op":true,"id":"eebe3820-7699-4d83-85ea-a528b76a29f1","entity-id":45,"location":{"world":"world","x":-57.90218671630046,"y":31.0,"z":-72.16744927459861,"yaw":87.820465,"pitch":46.523647}},"isProtected":false,"inventory":{"type":"CHEST","size":36,"content":[{"v":3953,"type":"OAK_STAIRS","amount":64},{"v":3953,"type":"OAK_SLAB","amount":64},{"v":3953,"type":"OAK_PLANKS","amount":64},{"v":3953,"type":"BLACK_BED"},{"v":3953,"type":"WARPED_HYPHAE","amount":64},{"v":3953,"type":"NETHERITE_BLOCK","amount":64},{"v":3953,"type":"NETHERITE_BLOCK","amount":64},{"v":3953,"type":"NETHERITE_BLOCK","amount":64},{"v":3953,"type":"NETHERITE_BLOCK","amount":64},{"v":3953,"type":"NETHERITE_BLOCK","amount":64},{"v":3953,"type":"NETHERITE_BLOCK","amount":64},{"v":3953,"type":"NETHERITE_BLOCK","amount":64},{"v":3953,"type":"NETHERITE_BLOCK","amount":64},{"v":3953,"type":"NETHERITE_BLOCK","amount":64},{"v":3953,"type":"NETHERITE_BLOCK","amount":64},{"v":3953,"type":"NETHERITE_BLOCK","amount":64},{"v":3953,"type":"NETHERITE_BLOCK","amount":64},{"v":3953,"type":"NETHERITE_BLOCK","amount":64},{"v":3953,"type":"NETHERITE_BLOCK","amount":64},{"v":3953,"type":"NETHERITE_BLOCK","amount":64},{"v":3953,"type":"NETHERITE_BLOCK","amount":64},{"v":3953,"type":"NETHERITE_BLOCK","amount":64},{"v":3953,"type":"NETHERITE_BLOCK","amount":64},{"v":3953,"type":"NETHERITE_BLOCK","amount":64},{"v":3953,"type":"NETHERITE_BLOCK","amount":64},{"v":3953,"type":"NETHERITE_BLOCK","amount":64},{"v":3953,"type":"NETHERITE_BLOCK","amount":64},{"v":3953,"type":"NETHERITE_BLOCK","amount":64},{"v":3953,"type":"NETHERITE_BLOCK","amount":64},{"v":3953,"type":"NETHERITE_BLOCK","amount":64},{"v":3953,"type":"NETHERITE_BLOCK","amount":64},{"v":3953,"type":"NETHERITE_BLOCK","amount":64},{"v":3953,"type":"NETHERITE_BOOTS"},{"v":3953,"type":"NETHERITE_LEGGINGS"},{"v":3953,"type":"NETHERITE_CHESTPLATE"},{"v":3953,"type":"NETHERITE_HELMET"}]}}}"
"2024-07-08T03:10:49Z";"RELOAD_PLUGIN";"{"sender":{"name":"Yawero","op":true,"id":"eebe3820-7699-4d83-85ea-a528b76a29f1","entity-id":45,"location":{"world":"world","x":-67.72785433428929,"y":36.0,"z":-83.5143062842439,"yaw":-45.04102,"pitch":35.480503}}}"
"2024-07-08T03:11:05Z";"DESTROY_CHEST";"{"chest":{"location":{"world":"world","x":-58.0,"y":31.0,"z":-73.0},"createdAt":1720408207126,"expireAt":1720409107126,"owner":{"name":"Yawero","op":true,"id":"eebe3820-7699-4d83-85ea-a528b76a29f1","entity-id":45,"location":{"world":"world","x":-59.10254810434213,"y":31.0,"z":-72.19502695885888,"yaw":-104.33789,"pitch":32.154186}},"isProtected":false,"inventory":{"type":"CHEST","size":36,"content":[]}},"reason":"BREAK","extra":{"player":{"name":"Yawero","op":true,"id":"eebe3820-7699-4d83-85ea-a528b76a29f1","entity-id":45,"location":{"world":"world","x":-59.10254810434213,"y":31.0,"z":-72.19502695885888,"yaw":-104.33789,"pitch":32.154186}}}}"
"2024-07-08T03:11:22Z";"CREATE_CHEST";"{"chest":{"location":{"world":"world","x":-66.0,"y":36.0,"z":-89.0},"createdAt":1720408282525,"expireAt":1720409182525,"owner":{"name":"Yawero","op":true,"id":"eebe3820-7699-4d83-85ea-a528b76a29f1","entity-id":45,"location":{"world":"world","x":-65.1771227109068,"y":36.0,"z":-88.76255250738384,"yaw":4.549103,"pitch":67.57775}},"isProtected":false,"inventory":{"type":"CHEST","size":36,"content":[{"v":3953,"type":"OAK_STAIRS","amount":64},{"v":3953,"type":"OAK_SLAB","amount":64},{"v":3953,"type":"BLACK_BED"},{"v":3953,"type":"NETHERITE_BLOCK","amount":64},{"v":3953,"type":"NETHERITE_BLOCK","amount":64},{"v":3953,"type":"NETHERITE_BLOCK","amount":64},{"v":3953,"type":"NETHERITE_BLOCK","amount":64},{"v":3953,"type":"NETHERITE_BLOCK","amount":64},{"v":3953,"type":"NETHERITE_BLOCK","amount":64},{"v":3953,"type":"NETHERITE_BLOCK","amount":64},{"v":3953,"type":"NETHERITE_BLOCK","amount":64},{"v":3953,"type":"NETHERITE_BLOCK","amount":64},{"v":3953,"type":"NETHERITE_BLOCK","amount":64},{"v":3953,"type":"NETHERITE_BLOCK","amount":64},{"v":3953,"type":"NETHERITE_BLOCK","amount":64},{"v":3953,"type":"NETHERITE_BLOCK","amount":64},{"v":3953,"type":"OAK_PLANKS","amount":64},{"v":3953,"type":"NETHERITE_BLOCK","amount":64},{"v":3953,"type":"NETHERITE_BLOCK","amount":64},{"v":3953,"type":"NETHERITE_BLOCK","amount":64},{"v":3953,"type":"NETHERITE_BLOCK","amount":64},{"v":3953,"type":"NETHERITE_BLOCK","amount":64},{"v":3953,"type":"NETHERITE_BLOCK","amount":64},{"v":3953,"type":"NETHERITE_BLOCK","amount":64},{"v":3953,"type":"WARPED_HYPHAE","amount":64},{"v":3953,"type":"NETHERITE_BLOCK","amount":64},{"v":3953,"type":"NETHERITE_BLOCK","amount":64},{"v":3953,"type":"NETHERITE_BLOCK","amount":64},{"v":3953,"type":"NETHERITE_BLOCK","amount":64},{"v":3953,"type":"NETHERITE_BLOCK","amount":64},{"v":3953,"type":"NETHERITE_BLOCK","amount":64},{"v":3953,"type":"NETHERITE_BLOCK","amount":64},{"v":3953,"type":"NETHERITE_BOOTS"},{"v":3953,"type":"NETHERITE_LEGGINGS"},{"v":3953,"type":"NETHERITE_CHESTPLATE"},{"v":3953,"type":"NETHERITE_HELMET"}]}}}"
"2024-07-08T03:11:45Z";"DESTROY_CHEST";"{"chest":{"location":{"world":"world","x":-66.0,"y":36.0,"z":-89.0},"createdAt":1720408282525,"expireAt":1720409182525,"owner":{"name":"Yawero","op":true,"id":"eebe3820-7699-4d83-85ea-a528b76a29f1","entity-id":45,"location":{"world":"world","x":-64.8388223870604,"y":36.0,"z":-89.23750001192093,"yaw":45.307434,"pitch":41.246056}},"isProtected":false,"inventory":{"type":"CHEST","size":36,"content":[{"v":3953,"type":"OAK_STAIRS","amount":64},{"v":3953,"type":"OAK_SLAB","amount":64},{"v":3953,"type":"BLACK_BED"},{"v":3953,"type":"NETHERITE_BLOCK","amount":64},{"v":3953,"type":"NETHERITE_BLOCK","amount":64},{"v":3953,"type":"NETHERITE_BLOCK","amount":64},{"v":3953,"type":"NETHERITE_BLOCK","amount":64},{"v":3953,"type":"NETHERITE_BLOCK","amount":64},{"v":3953,"type":"NETHERITE_BLOCK","amount":64},{"v":3953,"type":"NETHERITE_BLOCK","amount":64},{"v":3953,"type":"NETHERITE_BLOCK","amount":64},{"v":3953,"type":"NETHERITE_BLOCK","amount":64},{"v":3953,"type":"NETHERITE_BLOCK","amount":64},{"v":3953,"type":"NETHERITE_BLOCK","amount":64},{"v":3953,"type":"NETHERITE_BLOCK","amount":64},{"v":3953,"type":"NETHERITE_BLOCK","amount":64},{"v":3953,"type":"OAK_PLANKS","amount":64},{"v":3953,"type":"NETHERITE_BLOCK","amount":64},{"v":3953,"type":"NETHERITE_BLOCK","amount":64},{"v":3953,"type":"NETHERITE_BLOCK","amount":64},{"v":3953,"type":"NETHERITE_BLOCK","amount":64},{"v":3953,"type":"NETHERITE_BLOCK","amount":64},{"v":3953,"type":"NETHERITE_BLOCK","amount":64},{"v":3953,"type":"NETHERITE_BLOCK","amount":64},{"v":3953,"type":"WARPED_HYPHAE","amount":64},{"v":3953,"type":"NETHERITE_BLOCK","amount":64},{"v":3953,"type":"NETHERITE_BLOCK","amount":64},{"v":3953,"type":"NETHERITE_BLOCK","amount":64},{"v":3953,"type":"NETHERITE_BLOCK","amount":64},{"v":3953,"type":"NETHERITE_BLOCK","amount":64},{"v":3953,"type":"NETHERITE_BLOCK","amount":64},{"v":3953,"type":"NETHERITE_BLOCK","amount":64},{"v":3953,"type":"NETHERITE_BOOTS"},{"v":3953,"type":"NETHERITE_LEGGINGS"},{"v":3953,"type":"NETHERITE_CHESTPLATE"},{"v":3953,"type":"NETHERITE_HELMET"}]}},"reason":"BREAK","extra":{"player":{"name":"Yawero","op":true,"id":"eebe3820-7699-4d83-85ea-a528b76a29f1","entity-id":45,"location":{"world":"world","x":-64.8388223870604,"y":36.0,"z":-89.23750001192093,"yaw":45.307434,"pitch":41.246056}}}}"
"2024-07-08T03:11:55Z";"CREATE_CHEST";"{"chest":{"location":{"world":"world","x":-58.0,"y":31.0,"z":-72.0},"createdAt":1720408315972,"expireAt":1720409215972,"owner":{"name":"Yawero","op":true,"id":"eebe3820-7699-4d83-85ea-a528b76a29f1","entity-id":45,"location":{"world":"world","x":-57.317949817574224,"y":31.0,"z":-71.17808562237335,"yaw":-107.43616,"pitch":61.793015}},"isProtected":false,"inventory":{"type":"CHEST","size":36,"content":[{"v":3953,"type":"OAK_STAIRS","amount":64},{"v":3953,"type":"OAK_SLAB","amount":64},{"v":3953,"type":"NETHERITE_BLOCK","amount":64},{"v":3953,"type":"NETHERITE_BLOCK","amount":64},{"v":3953,"type":"NETHERITE_BLOCK","amount":64},{"v":3953,"type":"NETHERITE_BLOCK","amount":64},{"v":3953,"type":"NETHERITE_BLOCK","amount":64},{"v":3953,"type":"NETHERITE_BLOCK","amount":64},{"v":3953,"type":"NETHERITE_BLOCK","amount":64},{"v":3953,"type":"NETHERITE_BLOCK","amount":64},{"v":3953,"type":"NETHERITE_BLOCK","amount":64},{"v":3953,"type":"NETHERITE_BLOCK","amount":64},{"v":3953,"type":"NETHERITE_BLOCK","amount":64},{"v":3953,"type":"NETHERITE_BLOCK","amount":64},{"v":3953,"type":"NETHERITE_BLOCK","amount":64},{"v":3953,"type":"OAK_PLANKS","amount":64},{"v":3953,"type":"NETHERITE_BLOCK","amount":64},{"v":3953,"type":"NETHERITE_BLOCK","amount":64},{"v":3953,"type":"NETHERITE_BLOCK","amount":64},{"v":3953,"type":"NETHERITE_BLOCK","amount":64},{"v":3953,"type":"NETHERITE_BLOCK","amount":64},{"v":3953,"type":"NETHERITE_BLOCK","amount":64},{"v":3953,"type":"NETHERITE_BLOCK","amount":64},{"v":3953,"type":"WARPED_HYPHAE","amount":64},{"v":3953,"type":"NETHERITE_BLOCK","amount":64},{"v":3953,"type":"NETHERITE_BLOCK","amount":64},{"v":3953,"type":"NETHERITE_BLOCK","amount":64},{"v":3953,"type":"NETHERITE_BLOCK","amount":64},{"v":3953,"type":"NETHERITE_BLOCK","amount":64},{"v":3953,"type":"NETHERITE_BLOCK","amount":64},{"v":3953,"type":"NETHERITE_BOOTS"},{"v":3953,"type":"NETHERITE_CHESTPLATE"},{"v":3953,"type":"NETHERITE_HELMET"},{"v":3953,"type":"NETHERITE_BLOCK","amount":64},{"v":3953,"type":"BLACK_BED"},{"v":3953,"type":"NETHERITE_LEGGINGS"}]}}}"
"2024-07-08T03:12:17Z";"DESTROY_CHEST";"{"chest":{"location":{"world":"world","x":-58.0,"y":31.0,"z":-72.0},"createdAt":1720408315972,"expireAt":1720409215972,"owner":{"name":"Yawero","op":true,"id":"eebe3820-7699-4d83-85ea-a528b76a29f1","entity-id":45,"location":{"world":"world","x":-57.58319896376633,"y":31.875,"z":-70.82388663938191,"yaw":-175.83102,"pitch":66.40549}},"isProtected":false,"inventory":{"type":"CHEST","size":36,"content":[]}},"reason":"BREAK","extra":{"player":{"name":"Yawero","op":true,"id":"eebe3820-7699-4d83-85ea-a528b76a29f1","entity-id":45,"location":{"world":"world","x":-57.58319896376633,"y":31.875,"z":-70.82388663938191,"yaw":-175.83102,"pitch":66.40549}}}}"
"2024-07-08T03:13:43Z";"RELOAD_PLUGIN";"{"sender":{"name":"Yawero","op":true,"id":"eebe3820-7699-4d83-85ea-a528b76a29f1","entity-id":45,"location":{"world":"world","x":-60.060532084745695,"y":31.0,"z":-73.92737239051581,"yaw":97.2861,"pitch":37.178432}}}"
"2024-07-08T03:13:48Z";"CREATE_CHEST";"{"chest":{"location":{"world":"world","x":-58.0,"y":31.0,"z":-72.0},"createdAt":1720408428716,"expireAt":1720409328716,"owner":{"name":"Yawero","op":true,"id":"eebe3820-7699-4d83-85ea-a528b76a29f1","entity-id":45,"location":{"world":"world","x":-57.91594391792375,"y":31.0,"z":-71.49862393288767,"yaw":80.92078,"pitch":90.0}},"isProtected":false,"inventory":{"type":"CHEST","size":36,"content":[{"v":3953,"type":"OAK_SLAB","amount":64},{"v":3953,"type":"NETHERITE_BLOCK","amount":64},{"v":3953,"type":"NETHERITE_BLOCK","amount":64},{"v":3953,"type":"NETHERITE_BLOCK","amount":64},{"v":3953,"type":"NETHERITE_BLOCK","amount":64},{"v":3953,"type":"NETHERITE_BLOCK","amount":64},{"v":3953,"type":"NETHERITE_BLOCK","amount":64},{"v":3953,"type":"NETHERITE_BLOCK","amount":64},{"v":3953,"type":"NETHERITE_BLOCK","amount":64},{"v":3953,"type":"NETHERITE_BLOCK","amount":64},{"v":3953,"type":"NETHERITE_BLOCK","amount":64},{"v":3953,"type":"NETHERITE_BLOCK","amount":64},{"v":3953,"type":"NETHERITE_BLOCK","amount":64},{"v":3953,"type":"NETHERITE_BLOCK","amount":64},{"v":3953,"type":"NETHERITE_BLOCK","amount":64},{"v":3953,"type":"WARPED_HYPHAE","amount":64},{"v":3953,"type":"NETHERITE_BLOCK","amount":64},{"v":3953,"type":"NETHERITE_BLOCK","amount":64},{"v":3953,"type":"NETHERITE_BLOCK","amount":64},{"v":3953,"type":"NETHERITE_BLOCK","amount":64},{"v":3953,"type":"NETHERITE_BOOTS"},{"v":3953,"type":"NETHERITE_CHESTPLATE"},{"v":3953,"type":"NETHERITE_BLOCK","amount":64},{"v":3953,"type":"NETHERITE_LEGGINGS"},{"v":3953,"type":"NETHERITE_BLOCK","amount":64},{"v":3953,"type":"OAK_STAIRS","amount":64},{"v":3953,"type":"NETHERITE_BLOCK","amount":64},{"v":3953,"type":"OAK_PLANKS","amount":64},{"v":3953,"type":"NETHERITE_BLOCK","amount":64},{"v":3953,"type":"BLACK_BED"},{"v":3953,"type":"NETHERITE_BLOCK","amount":64},{"v":3953,"type":"NETHERITE_BLOCK","amount":64},{"v":3953,"type":"NETHERITE_BLOCK","amount":64},{"v":3953,"type":"NETHERITE_BLOCK","amount":64},{"v":3953,"type":"NETHERITE_HELMET"},{"v":3953,"type":"NETHERITE_BLOCK","amount":64}]}}}"
"2024-07-08T03:16:03Z";"RELOAD_PLUGIN";"{"sender":{"name":"Yawero","op":true,"id":"eebe3820-7699-4d83-85ea-a528b76a29f1","entity-id":45,"location":{"world":"world","x":-65.67380738021848,"y":31.0,"z":-70.92038283709846,"yaw":-112.18791,"pitch":18.937681}}}"
"2024-07-08T03:16:21Z";"DESTROY_CHEST";"{"chest":{"location":{"world":"world","x":-58.0,"y":31.0,"z":-72.0},"createdAt":1720408428716,"expireAt":1720409328716,"owner":{"name":"Yawero","op":true,"id":"eebe3820-7699-4d83-85ea-a528b76a29f1","entity-id":45,"location":{"world":"world","x":-57.75785290310203,"y":31.0,"z":-70.42920900672183,"yaw":-171.52904,"pitch":39.60504}},"isProtected":false,"inventory":{"type":"CHEST","size":36,"content":[]}},"reason":"BREAK","extra":{"player":{"name":"Yawero","op":true,"id":"eebe3820-7699-4d83-85ea-a528b76a29f1","entity-id":45,"location":{"world":"world","x":-57.75785290310203,"y":31.0,"z":-70.42920900672183,"yaw":-171.52904,"pitch":39.60504}}}}"
"2024-07-08T03:16:30Z";"CREATE_CHEST";"{"chest":{"location":{"world":"world","x":-60.0,"y":31.0,"z":-73.0},"createdAt":1720408590757,"expireAt":1720409190757,"owner":{"name":"Yawero","op":true,"id":"eebe3820-7699-4d83-85ea-a528b76a29f1","entity-id":45,"location":{"world":"world","x":-59.271479734914266,"y":31.0,"z":-72.59413142775486,"yaw":172.06125,"pitch":86.97151}},"isProtected":false,"inventory":{"type":"CHEST","size":36,"content":[{"v":3953,"type":"OAK_SLAB","amount":64},{"v":3953,"type":"NETHERITE_BLOCK","amount":64},{"v":3953,"type":"NETHERITE_BLOCK","amount":64},{"v":3953,"type":"NETHERITE_BLOCK","amount":64},{"v":3953,"type":"NETHERITE_BLOCK","amount":64},{"v":3953,"type":"NETHERITE_BLOCK","amount":64},{"v":3953,"type":"NETHERITE_BLOCK","amount":64},{"v":3953,"type":"NETHERITE_BLOCK","amount":64},{"v":3953,"type":"NETHERITE_BLOCK","amount":64},{"v":3953,"type":"NETHERITE_BLOCK","amount":64},{"v":3953,"type":"WARPED_HYPHAE","amount":64},{"v":3953,"type":"NETHERITE_BLOCK","amount":64},{"v":3953,"type":"NETHERITE_BOOTS"},{"v":3953,"type":"NETHERITE_CHESTPLATE"},{"v":3953,"type":"NETHERITE_BLOCK","amount":64},{"v":3953,"type":"NETHERITE_LEGGINGS"},{"v":3953,"type":"NETHERITE_BLOCK","amount":64},{"v":3953,"type":"NETHERITE_BLOCK","amount":64},{"v":3953,"type":"NETHERITE_BLOCK","amount":64},{"v":3953,"type":"NETHERITE_BLOCK","amount":64},{"v":3953,"type":"NETHERITE_BLOCK","amount":64},{"v":3953,"type":"NETHERITE_BLOCK","amount":64},{"v":3953,"type":"NETHERITE_BLOCK","amount":64},{"v":3953,"type":"NETHERITE_BLOCK","amount":64},{"v":3953,"type":"NETHERITE_BLOCK","amount":64},{"v":3953,"type":"BLACK_BED"},{"v":3953,"type":"NETHERITE_BLOCK","amount":64},{"v":3953,"type":"NETHERITE_HELMET"},{"v":3953,"type":"NETHERITE_BLOCK","amount":64},{"v":3953,"type":"OAK_STAIRS","amount":64},{"v":3953,"type":"NETHERITE_BLOCK","amount":64},{"v":3953,"type":"NETHERITE_BLOCK","amount":64},{"v":3953,"type":"NETHERITE_BLOCK","amount":64},{"v":3953,"type":"NETHERITE_BLOCK","amount":64},{"v":3953,"type":"NETHERITE_BLOCK","amount":64},{"v":3953,"type":"OAK_PLANKS","amount":64}]}}}"
"2024-07-08T03:17:27Z";"RELOAD_PLUGIN";"{"sender":{"name":"Yawero","op":true,"id":"eebe3820-7699-4d83-85ea-a528b76a29f1","entity-id":45,"location":{"world":"world","x":-70.32056727151661,"y":32.0,"z":-68.8849141266549,"yaw":-106.59975,"pitch":10.111941}}}"
"2024-07-08T03:17:28Z";"RELOAD_PLUGIN";"{"sender":{"name":"Yawero","op":true,"id":"eebe3820-7699-4d83-85ea-a528b76a29f1","entity-id":45,"location":{"world":"world","x":-65.45914883999876,"y":31.162141421026995,"z":-70.33368999926857,"yaw":-106.59975,"pitch":10.111941}}}"
"2024-07-08T03:17:34Z";"DESTROY_CHEST";"{"chest":{"location":{"world":"world","x":-60.0,"y":31.0,"z":-73.0},"createdAt":1720408590757,"expireAt":1720409190757,"owner":{"name":"Yawero","op":true,"id":"eebe3820-7699-4d83-85ea-a528b76a29f1","entity-id":45,"location":{"world":"world","x":-60.05148202740021,"y":31.0,"z":-71.04454245504492,"yaw":-166.0739,"pitch":34.770878}},"isProtected":false,"inventory":{"type":"CHEST","size":36,"content":[]}},"reason":"BREAK","extra":{"player":{"name":"Yawero","op":true,"id":"eebe3820-7699-4d83-85ea-a528b76a29f1","entity-id":45,"location":{"world":"world","x":-60.05148202740021,"y":31.0,"z":-71.04454245504492,"yaw":-166.0739,"pitch":34.770878}}}}"
"2024-07-08T03:17:40Z";"RELOAD_PLUGIN";"{"sender":{"name":"Yawero","op":true,"id":"eebe3820-7699-4d83-85ea-a528b76a29f1","entity-id":45,"location":{"world":"world","x":-59.649973297463355,"y":31.0,"z":-72.67410904685718,"yaw":-166.0739,"pitch":34.770878}}}"
"2024-07-08T03:17:44Z";"CREATE_CHEST";"{"chest":{"location":{"world":"world","x":-60.0,"y":31.0,"z":-73.0},"createdAt":1720408664958,"expireAt":1720409564958,"owner":{"name":"Yawero","op":true,"id":"eebe3820-7699-4d83-85ea-a528b76a29f1","entity-id":45,"location":{"world":"world","x":-59.649973297463355,"y":31.0,"z":-72.67410904685718,"yaw":82.56171,"pitch":38.984196}},"isProtected":false,"inventory":{"type":"CHEST","size":36,"content":[{"v":3953,"type":"NETHERITE_BLOCK","amount":64},{"v":3953,"type":"NETHERITE_BLOCK","amount":64},{"v":3953,"type":"NETHERITE_BLOCK","amount":64},{"v":3953,"type":"NETHERITE_BLOCK","amount":64},{"v":3953,"type":"NETHERITE_BLOCK","amount":64},{"v":3953,"type":"WARPED_HYPHAE","amount":64},{"v":3953,"type":"NETHERITE_BOOTS"},{"v":3953,"type":"NETHERITE_CHESTPLATE"},{"v":3953,"type":"NETHERITE_LEGGINGS"},{"v":3953,"type":"NETHERITE_BLOCK","amount":64},{"v":3953,"type":"NETHERITE_BLOCK","amount":64},{"v":3953,"type":"NETHERITE_BLOCK","amount":64},{"v":3953,"type":"NETHERITE_BLOCK","amount":64},{"v":3953,"type":"NETHERITE_BLOCK","amount":64},{"v":3953,"type":"NETHERITE_BLOCK","amount":64},{"v":3953,"type":"NETHERITE_BLOCK","amount":64},{"v":3953,"type":"NETHERITE_BLOCK","amount":64},{"v":3953,"type":"NETHERITE_BLOCK","amount":64},{"v":3953,"type":"NETHERITE_BLOCK","amount":64},{"v":3953,"type":"NETHERITE_BLOCK","amount":64},{"v":3953,"type":"NETHERITE_BLOCK","amount":64},{"v":3953,"type":"NETHERITE_BLOCK","amount":64},{"v":3953,"type":"NETHERITE_BLOCK","amount":64},{"v":3953,"type":"NETHERITE_BLOCK","amount":64},{"v":3953,"type":"NETHERITE_BLOCK","amount":64},{"v":3953,"type":"BLACK_BED"},{"v":3953,"type":"OAK_SLAB","amount":64},{"v":3953,"type":"NETHERITE_BLOCK","amount":64},{"v":3953,"type":"NETHERITE_BLOCK","amount":64},{"v":3953,"type":"NETHERITE_HELMET"},{"v":3953,"type":"OAK_STAIRS","amount":64},{"v":3953,"type":"NETHERITE_BLOCK","amount":64},{"v":3953,"type":"NETHERITE_BLOCK","amount":64},{"v":3953,"type":"NETHERITE_BLOCK","amount":64},{"v":3953,"type":"NETHERITE_BLOCK","amount":64},{"v":3953,"type":"OAK_PLANKS","amount":64}]}}}"
"2024-07-08T03:18:35Z";"RELOAD_PLUGIN";"{"sender":{"name":"Yawero","op":true,"id":"eebe3820-7699-4d83-85ea-a528b76a29f1","entity-id":45,"location":{"world":"world","x":-64.32787647667682,"y":31.0,"z":-71.44509548877829,"yaw":-107.61979,"pitch":15.1679125}}}"
"2024-07-08T03:18:43Z";"DESTROY_CHEST";"{"chest":{"location":{"world":"world","x":-60.0,"y":31.0,"z":-73.0},"createdAt":1720408664958,"expireAt":1720409564958,"owner":{"name":"Yawero","op":true,"id":"eebe3820-7699-4d83-85ea-a528b76a29f1","entity-id":45,"location":{"world":"world","x":-60.36268970371698,"y":31.0,"z":-71.91874349942375,"yaw":-102.164635,"pitch":46.43509}},"isProtected":false,"inventory":{"type":"CHEST","size":36,"content":[]}},"reason":"BREAK","extra":{"player":{"name":"Yawero","op":true,"id":"eebe3820-7699-4d83-85ea-a528b76a29f1","entity-id":45,"location":{"world":"world","x":-60.36268970371698,"y":31.0,"z":-71.91874349942375,"yaw":-102.164635,"pitch":46.43509}}}}"
"2024-07-08T03:18:44Z";"RELOAD_PLUGIN";"{"sender":{"name":"Yawero","op":true,"id":"eebe3820-7699-4d83-85ea-a528b76a29f1","entity-id":45,"location":{"world":"world","x":-58.62705855118331,"y":31.0,"z":-73.29412893596133,"yaw":-133.38745,"pitch":41.645218}}}"
"2024-07-08T03:18:49Z";"CREATE_CHEST";"{"chest":{"location":{"world":"world","x":-59.0,"y":31.0,"z":-74.0},"createdAt":1720408729415,"expireAt":1720409629415,"owner":{"name":"Yawero","op":true,"id":"eebe3820-7699-4d83-85ea-a528b76a29f1","entity-id":45,"location":{"world":"world","x":-58.62705855118331,"y":31.0,"z":-73.29412893596133,"yaw":143.45512,"pitch":88.18164}},"isProtected":false,"inventory":{"type":"CHEST","size":36,"content":[{"v":3953,"type":"NETHERITE_BLOCK","amount":64},{"v":3953,"type":"WARPED_HYPHAE","amount":64},{"v":3953,"type":"NETHERITE_BOOTS"},{"v":3953,"type":"NETHERITE_LEGGINGS"},{"v":3953,"type":"NETHERITE_BLOCK","amount":64},{"v":3953,"type":"NETHERITE_BLOCK","amount":64},{"v":3953,"type":"NETHERITE_BLOCK","amount":64},{"v":3953,"type":"NETHERITE_BLOCK","amount":64},{"v":3953,"type":"NETHERITE_BLOCK","amount":64},{"v":3953,"type":"NETHERITE_BLOCK","amount":64},{"v":3953,"type":"NETHERITE_BLOCK","amount":64},{"v":3953,"type":"NETHERITE_BLOCK","amount":64},{"v":3953,"type":"NETHERITE_BLOCK","amount":64},{"v":3953,"type":"NETHERITE_BLOCK","amount":64},{"v":3953,"type":"NETHERITE_BLOCK","amount":64},{"v":3953,"type":"NETHERITE_BLOCK","amount":64},{"v":3953,"type":"NETHERITE_BLOCK","amount":64},{"v":3953,"type":"NETHERITE_BLOCK","amount":64},{"v":3953,"type":"OAK_STAIRS","amount":64},{"v":3953,"type":"NETHERITE_BLOCK","amount":64},{"v":3953,"type":"NETHERITE_BLOCK","amount":64},{"v":3953,"type":"NETHERITE_BLOCK","amount":64},{"v":3953,"type":"BLACK_BED"},{"v":3953,"type":"NETHERITE_BLOCK","amount":64},{"v":3953,"type":"NETHERITE_BLOCK","amount":64},{"v":3953,"type":"NETHERITE_BLOCK","amount":64},{"v":3953,"type":"NETHERITE_CHESTPLATE"},{"v":3953,"type":"NETHERITE_BLOCK","amount":64},{"v":3953,"type":"NETHERITE_BLOCK","amount":64},{"v":3953,"type":"NETHERITE_BLOCK","amount":64},{"v":3953,"type":"OAK_SLAB","amount":64},{"v":3953,"type":"NETHERITE_BLOCK","amount":64},{"v":3953,"type":"NETHERITE_BLOCK","amount":64},{"v":3953,"type":"NETHERITE_HELMET"},{"v":3953,"type":"OAK_PLANKS","amount":64},{"v":3953,"type":"NETHERITE_BLOCK","amount":64}]}}}"
"2024-07-08T03:19:36Z";"DESTROY_CHEST";"{"chest":{"location":{"world":"world","x":-59.0,"y":31.0,"z":-74.0},"createdAt":1720408729415,"expireAt":1720409629415,"owner":{"name":"Yawero","op":true,"id":"eebe3820-7699-4d83-85ea-a528b76a29f1","entity-id":45,"location":{"world":"world","x":-66.96091865003112,"y":32.0,"z":-70.2903752803431,"yaw":-105.75704,"pitch":15.300964}},"isProtected":false,"inventory":{"type":"CHEST","size":36,"content":[]}},"reason":"BREAK","extra":{"player":{"name":"Yawero","op":true,"id":"eebe3820-7699-4d83-85ea-a528b76a29f1","entity-id":1426,"location":{"world":"world","x":-55.907818537540734,"y":31.0,"z":-72.01130304925529,"yaw":122.43291,"pitch":20.312607}}}}"
"2024-07-08T03:19:42Z";"CREATE_CHEST";"{"chest":{"location":{"world":"world","x":-60.0,"y":31.0,"z":-74.0},"createdAt":1720408782244,"expireAt":1720409682244,"owner":{"name":"Yawero","op":true,"id":"eebe3820-7699-4d83-85ea-a528b76a29f1","entity-id":1426,"location":{"world":"world","x":-59.20161245033871,"y":31.0,"z":-73.9267899520445,"yaw":138.35483,"pitch":8.293581}},"isProtected":false,"inventory":{"type":"CHEST","size":36,"content":[{"v":3953,"type":"NETHERITE_BOOTS"},{"v":3953,"type":"NETHERITE_LEGGINGS"},{"v":3953,"type":"NETHERITE_BLOCK","amount":64},{"v":3953,"type":"NETHERITE_BLOCK","amount":64},{"v":3953,"type":"NETHERITE_BLOCK","amount":64},{"v":3953,"type":"NETHERITE_BLOCK","amount":64},{"v":3953,"type":"NETHERITE_BLOCK","amount":64},{"v":3953,"type":"NETHERITE_HELMET"},{"v":3953,"type":"WARPED_HYPHAE","amount":64},{"v":3953,"type":"NETHERITE_BLOCK","amount":64},{"v":3953,"type":"NETHERITE_BLOCK","amount":64},{"v":3953,"type":"BLACK_BED"},{"v":3953,"type":"NETHERITE_BLOCK","amount":64},{"v":3953,"type":"OAK_SLAB","amount":64},{"v":3953,"type":"NETHERITE_BLOCK","amount":64},{"v":3953,"type":"NETHERITE_CHESTPLATE"},{"v":3953,"type":"NETHERITE_BLOCK","amount":64},{"v":3953,"type":"NETHERITE_BLOCK","amount":64},{"v":3953,"type":"NETHERITE_BLOCK","amount":64},{"v":3953,"type":"NETHERITE_BLOCK","amount":64},{"v":3953,"type":"NETHERITE_BLOCK","amount":64},{"v":3953,"type":"NETHERITE_BLOCK","amount":64},{"v":3953,"type":"NETHERITE_BLOCK","amount":64},{"v":3953,"type":"NETHERITE_BLOCK","amount":64},{"v":3953,"type":"NETHERITE_BLOCK","amount":64},{"v":3953,"type":"NETHERITE_BLOCK","amount":64},{"v":3953,"type":"OAK_PLANKS","amount":64},{"v":3953,"type":"NETHERITE_BLOCK","amount":64},{"v":3953,"type":"OAK_STAIRS","amount":64},{"v":3953,"type":"NETHERITE_BLOCK","amount":64},{"v":3953,"type":"NETHERITE_BLOCK","amount":64},{"v":3953,"type":"NETHERITE_BLOCK","amount":64},{"v":3953,"type":"NETHERITE_BLOCK","amount":64},{"v":3953,"type":"NETHERITE_BLOCK","amount":64},{"v":3953,"type":"NETHERITE_BLOCK","amount":64},{"v":3953,"type":"NETHERITE_BLOCK","amount":64}]}}}"
"2024-07-08T03:22:47Z";"RELOAD_PLUGIN";"{"sender":{"name":"Yawero","op":true,"id":"eebe3820-7699-4d83-85ea-a528b76a29f1","entity-id":1426,"location":{"world":"world","x":-67.13854816915301,"y":36.0,"z":-85.40766128383814,"yaw":-12.532031,"pitch":-10.378049}}}"
"2024-07-08T03:23:01Z";"DESTROY_CHEST";"{"chest":{"location":{"world":"world","x":-60.0,"y":31.0,"z":-74.0},"createdAt":1720408782244,"expireAt":1720409682244,"owner":{"name":"Yawero","op":true,"id":"eebe3820-7699-4d83-85ea-a528b76a29f1","entity-id":1426,"location":{"world":"world","x":-60.53573749436448,"y":31.0,"z":-74.42974410227771,"yaw":-43.266968,"pitch":32.15418}},"isProtected":false,"inventory":{"type":"CHEST","size":36,"content":[{"v":3953,"type":"NETHERITE_BOOTS"},{"v":3953,"type":"NETHERITE_LEGGINGS"},{"v":3953,"type":"NETHERITE_BLOCK","amount":64},{"v":3953,"type":"NETHERITE_BLOCK","amount":64},{"v":3953,"type":"NETHERITE_BLOCK","amount":64},{"v":3953,"type":"NETHERITE_BLOCK","amount":64},{"v":3953,"type":"NETHERITE_BLOCK","amount":64},{"v":3953,"type":"NETHERITE_HELMET"},{"v":3953,"type":"WARPED_HYPHAE","amount":64},{"v":3953,"type":"NETHERITE_BLOCK","amount":64},{"v":3953,"type":"NETHERITE_BLOCK","amount":64},{"v":3953,"type":"BLACK_BED"},{"v":3953,"type":"NETHERITE_BLOCK","amount":64},{"v":3953,"type":"OAK_SLAB","amount":64},{"v":3953,"type":"NETHERITE_BLOCK","amount":64},{"v":3953,"type":"NETHERITE_CHESTPLATE"},{"v":3953,"type":"NETHERITE_BLOCK","amount":64},{"v":3953,"type":"NETHERITE_BLOCK","amount":64},{"v":3953,"type":"NETHERITE_BLOCK","amount":64},{"v":3953,"type":"NETHERITE_BLOCK","amount":64},{"v":3953,"type":"NETHERITE_BLOCK","amount":64},{"v":3953,"type":"NETHERITE_BLOCK","amount":64},{"v":3953,"type":"NETHERITE_BLOCK","amount":64},{"v":3953,"type":"NETHERITE_BLOCK","amount":64},{"v":3953,"type":"NETHERITE_BLOCK","amount":64},{"v":3953,"type":"NETHERITE_BLOCK","amount":64},{"v":3953,"type":"OAK_PLANKS","amount":64},{"v":3953,"type":"NETHERITE_BLOCK","amount":64},{"v":3953,"type":"OAK_STAIRS","amount":64},{"v":3953,"type":"NETHERITE_BLOCK","amount":64},{"v":3953,"type":"NETHERITE_BLOCK","amount":64},{"v":3953,"type":"NETHERITE_BLOCK","amount":64},{"v":3953,"type":"NETHERITE_BLOCK","amount":64},{"v":3953,"type":"NETHERITE_BLOCK","amount":64},{"v":3953,"type":"NETHERITE_BLOCK","amount":64},{"v":3953,"type":"NETHERITE_BLOCK","amount":64}]}},"reason":"BREAK","extra":{"player":{"name":"Yawero","op":true,"id":"eebe3820-7699-4d83-85ea-a528b76a29f1","entity-id":1426,"location":{"world":"world","x":-60.53573749436448,"y":31.0,"z":-74.42974410227771,"yaw":-43.266968,"pitch":32.15418}}}}"
"2024-07-08T03:23:06Z";"CREATE_CHEST";"{"chest":{"location":{"world":"world","x":-59.0,"y":31.0,"z":-73.0},"createdAt":1720408986545,"expireAt":1720409886545,"owner":{"name":"Yawero","op":true,"id":"eebe3820-7699-4d83-85ea-a528b76a29f1","entity-id":1426,"location":{"world":"world","x":-58.85420550872276,"y":31.0,"z":-72.64545752865178,"yaw":146.20488,"pitch":60.44988}},"isProtected":false,"inventory":{"type":"CHEST","size":36,"content":[{"v":3953,"type":"NETHERITE_LEGGINGS"},{"v":3953,"type":"NETHERITE_BLOCK","amount":64},{"v":3953,"type":"NETHERITE_BLOCK","amount":64},{"v":3953,"type":"NETHERITE_HELMET"},{"v":3953,"type":"BLACK_BED"},{"v":3953,"type":"NETHERITE_BLOCK","amount":64},{"v":3953,"type":"OAK_SLAB","amount":64},{"v":3953,"type":"NETHERITE_BLOCK","amount":64},{"v":3953,"type":"NETHERITE_BLOCK","amount":64},{"v":3953,"type":"NETHERITE_BLOCK","amount":64},{"v":3953,"type":"NETHERITE_BLOCK","amount":64},{"v":3953,"type":"NETHERITE_BLOCK","amount":64},{"v":3953,"type":"NETHERITE_BLOCK","amount":64},{"v":3953,"type":"NETHERITE_BLOCK","amount":64},{"v":3953,"type":"NETHERITE_BLOCK","amount":64},{"v":3953,"type":"NETHERITE_BLOCK","amount":64},{"v":3953,"type":"OAK_PLANKS","amount":64},{"v":3953,"type":"NETHERITE_BLOCK","amount":64},{"v":3953,"type":"NETHERITE_BLOCK","amount":64},{"v":3953,"type":"NETHERITE_BLOCK","amount":64},{"v":3953,"type":"NETHERITE_BOOTS"},{"v":3953,"type":"NETHERITE_BLOCK","amount":64},{"v":3953,"type":"NETHERITE_BLOCK","amount":64},{"v":3953,"type":"NETHERITE_CHESTPLATE"},{"v":3953,"type":"NETHERITE_BLOCK","amount":64},{"v":3953,"type":"NETHERITE_BLOCK","amount":64},{"v":3953,"type":"NETHERITE_BLOCK","amount":64},{"v":3953,"type":"WARPED_HYPHAE","amount":64},{"v":3953,"type":"NETHERITE_BLOCK","amount":64},{"v":3953,"type":"NETHERITE_BLOCK","amount":64},{"v":3953,"type":"OAK_STAIRS","amount":64},{"v":3953,"type":"NETHERITE_BLOCK","amount":64},{"v":3953,"type":"NETHERITE_BLOCK","amount":64},{"v":3953,"type":"NETHERITE_BLOCK","amount":64},{"v":3953,"type":"NETHERITE_BLOCK","amount":64},{"v":3953,"type":"NETHERITE_BLOCK","amount":64}]}}}"
"2024-07-08T03:24:16Z";"DESTROY_CHEST";"{"chest":{"location":{"world":"world","x":-59.0,"y":31.0,"z":-73.0},"createdAt":1720408986545,"expireAt":1720409886545,"owner":{"name":"Yawero","op":true,"id":"eebe3820-7699-4d83-85ea-a528b76a29f1","entity-id":1426,"location":{"world":"world","x":-58.91615695403186,"y":31.875,"z":-72.07830635394559,"yaw":-129.44026,"pitch":77.70227}},"isProtected":false,"inventory":{"type":"CHEST","size":36,"content":[]}},"reason":"BREAK","extra":{"player":{"name":"Yawero","op":true,"id":"eebe3820-7699-4d83-85ea-a528b76a29f1","entity-id":1426,"location":{"world":"world","x":-58.91615695403186,"y":31.875,"z":-72.07830635394559,"yaw":-129.44026,"pitch":77.70227}}}}"
"2024-07-08T03:24:22Z";"CREATE_CHEST";"{"chest":{"location":{"world":"world","x":-59.0,"y":31.0,"z":-73.0},"createdAt":1720409062547,"expireAt":1720409962547,"owner":{"name":"Yawero","op":true,"id":"eebe3820-7699-4d83-85ea-a528b76a29f1","entity-id":1426,"location":{"world":"world","x":-58.42876213670358,"y":31.0,"z":-72.4958917638103,"yaw":-152.28085,"pitch":82.40346}},"isProtected":false,"inventory":{"type":"CHEST","size":36,"content":[{"v":3953,"type":"NETHERITE_LEGGINGS"},{"v":3953,"type":"NETHERITE_BLOCK","amount":64},{"v":3953,"type":"NETHERITE_HELMET"},{"v":3953,"type":"BLACK_BED"},{"v":3953,"type":"OAK_SLAB","amount":64},{"v":3953,"type":"NETHERITE_BLOCK","amount":64},{"v":3953,"type":"NETHERITE_BLOCK","amount":64},{"v":3953,"type":"NETHERITE_BLOCK","amount":64},{"v":3953,"type":"NETHERITE_BLOCK","amount":64},{"v":3953,"type":"NETHERITE_BLOCK","amount":64},{"v":3953,"type":"NETHERITE_BLOCK","amount":64},{"v":3953,"type":"NETHERITE_BLOCK","amount":64},{"v":3953,"type":"NETHERITE_BLOCK","amount":64},{"v":3953,"type":"NETHERITE_BLOCK","amount":64},{"v":3953,"type":"WARPED_HYPHAE","amount":64},{"v":3953,"type":"NETHERITE_BLOCK","amount":64},{"v":3953,"type":"OAK_STAIRS","amount":64},{"v":3953,"type":"NETHERITE_BLOCK","amount":64},{"v":3953,"type":"NETHERITE_BLOCK","amount":64},{"v":3953,"type":"NETHERITE_BLOCK","amount":64},{"v":3953,"type":"NETHERITE_BLOCK","amount":64},{"v":3953,"type":"NETHERITE_BOOTS"},{"v":3953,"type":"NETHERITE_BLOCK","amount":64},{"v":3953,"type":"NETHERITE_CHESTPLATE"},{"v":3953,"type":"NETHERITE_BLOCK","amount":64},{"v":3953,"type":"NETHERITE_BLOCK","amount":64},{"v":3953,"type":"NETHERITE_BLOCK","amount":64},{"v":3953,"type":"NETHERITE_BLOCK","amount":64},{"v":3953,"type":"NETHERITE_BLOCK","amount":64},{"v":3953,"type":"OAK_PLANKS","amount":64},{"v":3953,"type":"NETHERITE_BLOCK","amount":64},{"v":3953,"type":"NETHERITE_BLOCK","amount":64},{"v":3953,"type":"NETHERITE_BLOCK","amount":64},{"v":3953,"type":"NETHERITE_BLOCK","amount":64},{"v":3953,"type":"NETHERITE_BLOCK","amount":64},{"v":3953,"type":"NETHERITE_BLOCK","amount":64}]}}}"
"2024-07-08T03:25:22Z";"RELOAD_PLUGIN";"{"sender":{"name":"Yawero","op":true,"id":"eebe3820-7699-4d83-85ea-a528b76a29f1","entity-id":1426,"location":{"world":"world","x":-70.5,"y":32.0,"z":-69.5,"yaw":-180.0}}}"
"2024-07-08T03:25:40Z";"DESTROY_CHEST";"{"chest":{"location":{"world":"world","x":-59.0,"y":31.0,"z":-73.0},"createdAt":1720409062547,"expireAt":1720409962547,"owner":{"name":"Yawero","op":true,"id":"eebe3820-7699-4d83-85ea-a528b76a29f1","entity-id":1426,"location":{"world":"world","x":-59.73531327493143,"y":31.0,"z":-71.71295597990397,"yaw":-113.6958,"pitch":38.31894}},"isProtected":false,"inventory":{"type":"CHEST","size":36,"content":[]}},"reason":"BREAK","extra":{"player":{"name":"Yawero","op":true,"id":"eebe3820-7699-4d83-85ea-a528b76a29f1","entity-id":1426,"location":{"world":"world","x":-59.73531327493143,"y":31.0,"z":-71.71295597990397,"yaw":-113.6958,"pitch":38.31894}}}}"
"2024-07-08T03:25:47Z";"CREATE_CHEST";"{"chest":{"location":{"world":"world","x":-60.0,"y":31.0,"z":-76.0},"createdAt":1720409147033,"expireAt":1720410047033,"owner":{"name":"Yawero","op":true,"id":"eebe3820-7699-4d83-85ea-a528b76a29f1","entity-id":1426,"location":{"world":"world","x":-59.28629883170618,"y":31.0,"z":-75.82084892396826,"yaw":88.5491,"pitch":65.99373}},"isProtected":false,"inventory":{"type":"CHEST","size":36,"content":[{"v":3953,"type":"NETHERITE_BLOCK","amount":64},{"v":3953,"type":"NETHERITE_BLOCK","amount":64},{"v":3953,"type":"NETHERITE_BLOCK","amount":64},{"v":3953,"type":"NETHERITE_BLOCK","amount":64},{"v":3953,"type":"NETHERITE_BLOCK","amount":64},{"v":3953,"type":"NETHERITE_BLOCK","amount":64},{"v":3953,"type":"NETHERITE_BLOCK","amount":64},{"v":3953,"type":"NETHERITE_BLOCK","amount":64},{"v":3953,"type":"NETHERITE_CHESTPLATE"},{"v":3953,"type":"NETHERITE_LEGGINGS"},{"v":3953,"type":"OAK_STAIRS","amount":64},{"v":3953,"type":"NETHERITE_BOOTS"},{"v":3953,"type":"NETHERITE_HELMET"},{"v":3953,"type":"NETHERITE_BLOCK","amount":64},{"v":3953,"type":"OAK_SLAB","amount":64},{"v":3953,"type":"WARPED_HYPHAE","amount":64},{"v":3953,"type":"BLACK_BED"},{"v":3953,"type":"OAK_PLANKS","amount":64},{"v":3953,"type":"NETHERITE_BLOCK","amount":64},{"v":3953,"type":"NETHERITE_BLOCK","amount":64},{"v":3953,"type":"NETHERITE_BLOCK","amount":64},{"v":3953,"type":"NETHERITE_BLOCK","amount":64},{"v":3953,"type":"NETHERITE_BLOCK","amount":64},{"v":3953,"type":"NETHERITE_BLOCK","amount":64},{"v":3953,"type":"NETHERITE_BLOCK","amount":64},{"v":3953,"type":"NETHERITE_BLOCK","amount":64},{"v":3953,"type":"NETHERITE_BLOCK","amount":64},{"v":3953,"type":"NETHERITE_BLOCK","amount":64},{"v":3953,"type":"NETHERITE_BLOCK","amount":64},{"v":3953,"type":"NETHERITE_BLOCK","amount":64},{"v":3953,"type":"NETHERITE_BLOCK","amount":64},{"v":3953,"type":"NETHERITE_BLOCK","amount":64},{"v":3953,"type":"NETHERITE_BLOCK","amount":64},{"v":3953,"type":"NETHERITE_BLOCK","amount":64},{"v":3953,"type":"NETHERITE_BLOCK","amount":64},{"v":3953,"type":"NETHERITE_BLOCK","amount":64}]}}}"
"2024-07-08T03:26:38Z";"DESTROY_CHEST";"{"chest":{"location":{"world":"world","x":-60.0,"y":31.0,"z":-76.0},"createdAt":1720409147033,"expireAt":1720410047033,"owner":{"name":"Yawero","op":true,"id":"eebe3820-7699-4d83-85ea-a528b76a29f1","entity-id":1426,"location":{"world":"world","x":-60.466198930112824,"y":31.0,"z":-76.18316061356914,"yaw":-58.612396,"pitch":38.673737}},"isProtected":false,"inventory":{"type":"CHEST","size":36,"content":[{"v":3953,"type":"NETHERITE_BLOCK","amount":64},{"v":3953,"type":"NETHERITE_BLOCK","amount":64},{"v":3953,"type":"NETHERITE_BLOCK","amount":64},{"v":3953,"type":"NETHERITE_BLOCK","amount":64},{"v":3953,"type":"NETHERITE_BLOCK","amount":64},{"v":3953,"type":"NETHERITE_BLOCK","amount":64},{"v":3953,"type":"NETHERITE_BLOCK","amount":64},{"v":3953,"type":"NETHERITE_BLOCK","amount":64},{"v":3953,"type":"NETHERITE_CHESTPLATE"},{"v":3953,"type":"NETHERITE_LEGGINGS"},{"v":3953,"type":"OAK_STAIRS","amount":64},{"v":3953,"type":"NETHERITE_BOOTS"},{"v":3953,"type":"NETHERITE_HELMET"},{"v":3953,"type":"NETHERITE_BLOCK","amount":64},{"v":3953,"type":"OAK_SLAB","amount":64},{"v":3953,"type":"WARPED_HYPHAE","amount":64},{"v":3953,"type":"BLACK_BED"},{"v":3953,"type":"OAK_PLANKS","amount":64},{"v":3953,"type":"NETHERITE_BLOCK","amount":64},{"v":3953,"type":"NETHERITE_BLOCK","amount":64},{"v":3953,"type":"NETHERITE_BLOCK","amount":64},{"v":3953,"type":"NETHERITE_BLOCK","amount":64},{"v":3953,"type":"NETHERITE_BLOCK","amount":64},{"v":3953,"type":"NETHERITE_BLOCK","amount":64},{"v":3953,"type":"NETHERITE_BLOCK","amount":64},{"v":3953,"type":"NETHERITE_BLOCK","amount":64},{"v":3953,"type":"NETHERITE_BLOCK","amount":64},{"v":3953,"type":"NETHERITE_BLOCK","amount":64},{"v":3953,"type":"NETHERITE_BLOCK","amount":64},{"v":3953,"type":"NETHERITE_BLOCK","amount":64},{"v":3953,"type":"NETHERITE_BLOCK","amount":64},{"v":3953,"type":"NETHERITE_BLOCK","amount":64},{"v":3953,"type":"NETHERITE_BLOCK","amount":64},{"v":3953,"type":"NETHERITE_BLOCK","amount":64},{"v":3953,"type":"NETHERITE_BLOCK","amount":64},{"v":3953,"type":"NETHERITE_BLOCK","amount":64}]}},"reason":"BREAK","extra":{"player":{"name":"Yawero","op":true,"id":"eebe3820-7699-4d83-85ea-a528b76a29f1","entity-id":1426,"location":{"world":"world","x":-60.466198930112824,"y":31.0,"z":-76.18316061356914,"yaw":-58.612396,"pitch":38.673737}}}}"
"2024-07-08T03:26:43Z";"CREATE_CHEST";"{"chest":{"location":{"world":"world","x":-59.0,"y":31.0,"z":-76.0},"createdAt":1720409203688,"expireAt":1720410103688,"owner":{"name":"Yawero","op":true,"id":"eebe3820-7699-4d83-85ea-a528b76a29f1","entity-id":1426,"location":{"world":"world","x":-58.60919661602992,"y":31.0,"z":-75.05245017383146,"yaw":-164.03383,"pitch":17.962011}},"isProtected":false,"inventory":{"type":"CHEST","size":36,"content":[{"v":3953,"type":"NETHERITE_BLOCK","amount":64},{"v":3953,"type":"NETHERITE_BLOCK","amount":64},{"v":3953,"type":"NETHERITE_BLOCK","amount":64},{"v":3953,"type":"NETHERITE_BLOCK","amount":64},{"v":3953,"type":"NETHERITE_BLOCK","amount":64},{"v":3953,"type":"NETHERITE_CHESTPLATE"},{"v":3953,"type":"NETHERITE_BOOTS"},{"v":3953,"type":"NETHERITE_HELMET"},{"v":3953,"type":"BLACK_BED"},{"v":3953,"type":"OAK_PLANKS","amount":64},{"v":3953,"type":"NETHERITE_BLOCK","amount":64},{"v":3953,"type":"NETHERITE_BLOCK","amount":64},{"v":3953,"type":"NETHERITE_BLOCK","amount":64},{"v":3953,"type":"NETHERITE_BLOCK","amount":64},{"v":3953,"type":"NETHERITE_BLOCK","amount":64},{"v":3953,"type":"NETHERITE_BLOCK","amount":64},{"v":3953,"type":"NETHERITE_BLOCK","amount":64},{"v":3953,"type":"NETHERITE_BLOCK","amount":64},{"v":3953,"type":"NETHERITE_BLOCK","amount":64},{"v":3953,"type":"NETHERITE_BLOCK","amount":64},{"v":3953,"type":"NETHERITE_BLOCK","amount":64},{"v":3953,"type":"NETHERITE_LEGGINGS"},{"v":3953,"type":"NETHERITE_BLOCK","amount":64},{"v":3953,"type":"NETHERITE_BLOCK","amount":64},{"v":3953,"type":"NETHERITE_BLOCK","amount":64},{"v":3953,"type":"NETHERITE_BLOCK","amount":64},{"v":3953,"type":"WARPED_HYPHAE","amount":64},{"v":3953,"type":"NETHERITE_BLOCK","amount":64},{"v":3953,"type":"NETHERITE_BLOCK","amount":64},{"v":3953,"type":"NETHERITE_BLOCK","amount":64},{"v":3953,"type":"NETHERITE_BLOCK","amount":64},{"v":3953,"type":"NETHERITE_BLOCK","amount":64},{"v":3953,"type":"OAK_SLAB","amount":64},{"v":3953,"type":"NETHERITE_BLOCK","amount":64},{"v":3953,"type":"OAK_STAIRS","amount":64},{"v":3953,"type":"NETHERITE_BLOCK","amount":64}]}}}"
"2024-07-08T03:27:42Z";"RELOAD_PLUGIN";"{"sender":{"name":"Yawero","op":true,"id":"eebe3820-7699-4d83-85ea-a528b76a29f1","entity-id":1426,"location":{"world":"world","x":-69.88913123923008,"y":32.0,"z":-69.66717303933684,"yaw":174.0127,"pitch":27.275633}}}"
"2024-07-08T03:27:56Z";"DESTROY_CHEST";"{"chest":{"location":{"world":"world","x":-59.0,"y":31.0,"z":-76.0},"createdAt":1720409203688,"expireAt":1720410103688,"owner":{"name":"Yawero","op":true,"id":"eebe3820-7699-4d83-85ea-a528b76a29f1","entity-id":1426,"location":{"world":"world","x":-59.97928035194858,"y":31.0,"z":-74.590801747743,"yaw":-119.19532,"pitch":33.79516}},"isProtected":false,"inventory":{"type":"CHEST","size":36,"content":[{"v":3953,"type":"NETHERITE_BLOCK","amount":64},{"v":3953,"type":"NETHERITE_BLOCK","amount":64},{"v":3953,"type":"NETHERITE_BLOCK","amount":64},{"v":3953,"type":"NETHERITE_BLOCK","amount":64},{"v":3953,"type":"NETHERITE_BLOCK","amount":64},{"v":3953,"type":"NETHERITE_CHESTPLATE"},{"v":3953,"type":"NETHERITE_BOOTS"},{"v":3953,"type":"NETHERITE_HELMET"},{"v":3953,"type":"BLACK_BED"},{"v":3953,"type":"OAK_PLANKS","amount":64},{"v":3953,"type":"NETHERITE_BLOCK","amount":64},{"v":3953,"type":"NETHERITE_BLOCK","amount":64},{"v":3953,"type":"NETHERITE_BLOCK","amount":64},{"v":3953,"type":"NETHERITE_BLOCK","amount":64},{"v":3953,"type":"NETHERITE_BLOCK","amount":64},{"v":3953,"type":"NETHERITE_BLOCK","amount":64},{"v":3953,"type":"NETHERITE_BLOCK","amount":64},{"v":3953,"type":"NETHERITE_BLOCK","amount":64},{"v":3953,"type":"NETHERITE_BLOCK","amount":64},{"v":3953,"type":"NETHERITE_BLOCK","amount":64},{"v":3953,"type":"NETHERITE_BLOCK","amount":64},{"v":3953,"type":"NETHERITE_LEGGINGS"},{"v":3953,"type":"NETHERITE_BLOCK","amount":64},{"v":3953,"type":"NETHERITE_BLOCK","amount":64},{"v":3953,"type":"NETHERITE_BLOCK","amount":64},{"v":3953,"type":"NETHERITE_BLOCK","amount":64},{"v":3953,"type":"WARPED_HYPHAE","amount":64},{"v":3953,"type":"NETHERITE_BLOCK","amount":64},{"v":3953,"type":"NETHERITE_BLOCK","amount":64},{"v":3953,"type":"NETHERITE_BLOCK","amount":64},{"v":3953,"type":"NETHERITE_BLOCK","amount":64},{"v":3953,"type":"NETHERITE_BLOCK","amount":64},{"v":3953,"type":"OAK_SLAB","amount":64},{"v":3953,"type":"NETHERITE_BLOCK","amount":64},{"v":3953,"type":"OAK_STAIRS","amount":64},{"v":3953,"type":"NETHERITE_BLOCK","amount":64}]}},"reason":"BREAK","extra":{"player":{"name":"Yawero","op":true,"id":"eebe3820-7699-4d83-85ea-a528b76a29f1","entity-id":1426,"location":{"world":"world","x":-59.97928035194858,"y":31.0,"z":-74.590801747743,"yaw":-119.19532,"pitch":33.79516}}}}"
"2024-07-08T03:28:01Z";"CREATE_CHEST";"{"chest":{"location":{"world":"world","x":-63.0,"y":31.0,"z":-77.0},"createdAt":1720409281844,"expireAt":1720410181844,"owner":{"name":"Yawero","op":true,"id":"eebe3820-7699-4d83-85ea-a528b76a29f1","entity-id":1426,"location":{"world":"world","x":-62.055968273957475,"y":31.0,"z":-76.0729193893223,"yaw":-15.275726,"pitch":51.757164}},"isProtected":false,"inventory":{"type":"CHEST","size":36,"content":[{"v":3953,"type":"NETHERITE_BLOCK","amount":64},{"v":3953,"type":"NETHERITE_BLOCK","amount":64},{"v":3953,"type":"NETHERITE_BLOCK","amount":64},{"v":3953,"type":"NETHERITE_BLOCK","amount":64},{"v":3953,"type":"NETHERITE_BLOCK","amount":64},{"v":3953,"type":"NETHERITE_BLOCK","amount":64},{"v":3953,"type":"NETHERITE_BLOCK","amount":64},{"v":3953,"type":"NETHERITE_BLOCK","amount":64},{"v":3953,"type":"NETHERITE_BLOCK","amount":64},{"v":3953,"type":"NETHERITE_BLOCK","amount":64},{"v":3953,"type":"NETHERITE_BLOCK","amount":64},{"v":3953,"type":"NETHERITE_BLOCK","amount":64},{"v":3953,"type":"OAK_STAIRS","amount":64},{"v":3953,"type":"NETHERITE_BLOCK","amount":64},{"v":3953,"type":"NETHERITE_LEGGINGS"},{"v":3953,"type":"NETHERITE_BLOCK","amount":64},{"v":3953,"type":"NETHERITE_BLOCK","amount":64},{"v":3953,"type":"OAK_SLAB","amount":64},{"v":3953,"type":"NETHERITE_BLOCK","amount":64},{"v":3953,"type":"NETHERITE_BLOCK","amount":64},{"v":3953,"type":"NETHERITE_BLOCK","amount":64},{"v":3953,"type":"NETHERITE_CHESTPLATE"},{"v":3953,"type":"NETHERITE_BLOCK","amount":64},{"v":3953,"type":"NETHERITE_BLOCK","amount":64},{"v":3953,"type":"WARPED_HYPHAE","amount":64},{"v":3953,"type":"NETHERITE_BLOCK","amount":64},{"v":3953,"type":"NETHERITE_BLOCK","amount":64},{"v":3953,"type":"NETHERITE_BOOTS"},{"v":3953,"type":"BLACK_BED"},{"v":3953,"type":"OAK_PLANKS","amount":64},{"v":3953,"type":"NETHERITE_BLOCK","amount":64},{"v":3953,"type":"NETHERITE_BLOCK","amount":64},{"v":3953,"type":"NETHERITE_BLOCK","amount":64},{"v":3953,"type":"NETHERITE_BLOCK","amount":64},{"v":3953,"type":"NETHERITE_HELMET"},{"v":3953,"type":"NETHERITE_BLOCK","amount":64}]}}}"
"2024-07-08T03:30:34Z";"DESTROY_CHEST";"{"chest":{"location":{"world":"world","x":-63.0,"y":31.0,"z":-77.0},"createdAt":1720409281844,"expireAt":1720410181844,"owner":{"name":"Yawero","op":true,"id":"eebe3820-7699-4d83-85ea-a528b76a29f1","entity-id":1426,"location":{"world":"world","x":-61.65214155060557,"y":31.0,"z":-77.8257120738984,"yaw":41.13211,"pitch":39.161602}},"isProtected":false,"inventory":{"type":"CHEST","size":36,"content":[]}},"reason":"BREAK","extra":{"player":{"name":"Yawero","op":true,"id":"eebe3820-7699-4d83-85ea-a528b76a29f1","entity-id":1426,"location":{"world":"world","x":-61.65214155060557,"y":31.0,"z":-77.8257120738984,"yaw":41.08776,"pitch":39.161602}}}}"
"2024-07-08T03:31:19Z";"CREATE_CHEST";"{"chest":{"location":{"world":"world","x":-53.0,"y":43.0,"z":-55.0},"createdAt":1720409479689,"expireAt":1720410379689,"owner":{"name":"Yawero","op":true,"id":"eebe3820-7699-4d83-85ea-a528b76a29f1","entity-id":1426,"location":{"world":"world","x":-52.28529582044731,"y":50.0,"z":-54.14873938260334,"yaw":134.84503,"pitch":60.538536}},"isProtected":false,"inventory":{"type":"CHEST","size":36,"content":[{"v":3953,"type":"OAK_SLAB","amount":64},{"v":3953,"type":"NETHERITE_BLOCK","amount":64},{"v":3953,"type":"NETHERITE_BLOCK","amount":64},{"v":3953,"type":"NETHERITE_BLOCK","amount":64},{"v":3953,"type":"NETHERITE_BLOCK","amount":64},{"v":3953,"type":"NETHERITE_BLOCK","amount":64},{"v":3953,"type":"NETHERITE_BLOCK","amount":64},{"v":3953,"type":"NETHERITE_BLOCK","amount":64},{"v":3953,"type":"NETHERITE_BLOCK","amount":64},{"v":3953,"type":"NETHERITE_BLOCK","amount":64},{"v":3953,"type":"OAK_PLANKS","amount":64},{"v":3953,"type":"BLACK_BED"},{"v":3953,"type":"NETHERITE_BLOCK","amount":64},{"v":3953,"type":"NETHERITE_BOOTS"},{"v":3953,"type":"NETHERITE_BLOCK","amount":64},{"v":3953,"type":"NETHERITE_BLOCK","amount":64},{"v":3953,"type":"NETHERITE_BLOCK","amount":64},{"v":3953,"type":"NETHERITE_HELMET"},{"v":3953,"type":"NETHERITE_BLOCK","amount":64},{"v":3953,"type":"NETHERITE_BLOCK","amount":64},{"v":3953,"type":"NETHERITE_BLOCK","amount":64},{"v":3953,"type":"NETHERITE_BLOCK","amount":64},{"v":3953,"type":"NETHERITE_CHESTPLATE"},{"v":3953,"type":"NETHERITE_BLOCK","amount":64},{"v":3953,"type":"NETHERITE_BLOCK","amount":64},{"v":3953,"type":"NETHERITE_BLOCK","amount":64},{"v":3953,"type":"NETHERITE_BLOCK","amount":64},{"v":3953,"type":"NETHERITE_LEGGINGS"},{"v":3953,"type":"NETHERITE_BLOCK","amount":64},{"v":3953,"type":"WARPED_HYPHAE","amount":64},{"v":3953,"type":"NETHERITE_BLOCK","amount":64},{"v":3953,"type":"NETHERITE_BLOCK","amount":64},{"v":3953,"type":"OAK_STAIRS","amount":64}]}}}"
"2024-07-08T03:31:46Z";"DESTROY_CHEST";"{"chest":{"location":{"world":"world","x":-53.0,"y":43.0,"z":-55.0},"createdAt":1720409479689,"expireAt":1720410379689,"owner":{"name":"Yawero","op":true,"id":"eebe3820-7699-4d83-85ea-a528b76a29f1","entity-id":1426,"location":{"world":"world","x":-51.64178287456775,"y":44.0,"z":-54.59250363044516,"yaw":34.130768,"pitch":61.603}},"isProtected":false,"inventory":{"type":"CHEST","size":36,"content":[]}},"reason":"BREAK","extra":{"player":{"name":"Yawero","op":true,"id":"eebe3820-7699-4d83-85ea-a528b76a29f1","entity-id":1426,"location":{"world":"world","x":-51.64178287456775,"y":44.0,"z":-54.59250363044516,"yaw":69.345184,"pitch":64.35274}}}}"
"2024-07-08T03:32:17Z";"CREATE_CHEST";"{"chest":{"location":{"world":"world","x":-55.0,"y":32.0,"z":-69.0},"createdAt":1720409537679,"expireAt":1720410437679,"owner":{"name":"Yawero","op":true,"id":"eebe3820-7699-4d83-85ea-a528b76a29f1","entity-id":1426,"location":{"world":"world","x":-54.54009324069596,"y":32.0,"z":-68.03437355104877,"yaw":83.182434,"pitch":85.419205}},"isProtected":false,"inventory":{"type":"CHEST","size":36,"content":[{"v":3953,"type":"OAK_SLAB","amount":64},{"v":3953,"type":"NETHERITE_BLOCK","amount":64},{"v":3953,"type":"NETHERITE_BLOCK","amount":64},{"v":3953,"type":"NETHERITE_BLOCK","amount":64},{"v":3953,"type":"NETHERITE_BLOCK","amount":64},{"v":3953,"type":"NETHERITE_BLOCK","amount":64},{"v":3953,"type":"NETHERITE_BLOCK","amount":64},{"v":3953,"type":"OAK_PLANKS","amount":64},{"v":3953,"type":"NETHERITE_BLOCK","amount":64},{"v":3953,"type":"NETHERITE_BOOTS"},{"v":3953,"type":"NETHERITE_BLOCK","amount":64},{"v":3953,"type":"NETHERITE_BLOCK","amount":64},{"v":3953,"type":"NETHERITE_HELMET"},{"v":3953,"type":"NETHERITE_BLOCK","amount":64},{"v":3953,"type":"NETHERITE_BLOCK","amount":64},{"v":3953,"type":"NETHERITE_BLOCK","amount":64},{"v":3953,"type":"NETHERITE_BLOCK","amount":64},{"v":3953,"type":"NETHERITE_CHESTPLATE"},{"v":3953,"type":"NETHERITE_BLOCK","amount":64},{"v":3953,"type":"NETHERITE_BLOCK","amount":64},{"v":3953,"type":"NETHERITE_BLOCK","amount":64},{"v":3953,"type":"NETHERITE_BLOCK","amount":64},{"v":3953,"type":"NETHERITE_LEGGINGS"},{"v":3953,"type":"NETHERITE_BLOCK","amount":64},{"v":3953,"type":"WARPED_HYPHAE","amount":64},{"v":3953,"type":"NETHERITE_BLOCK","amount":64},{"v":3953,"type":"NETHERITE_BLOCK","amount":64},{"v":3953,"type":"OAK_STAIRS","amount":64},{"v":3953,"type":"NETHERITE_BLOCK","amount":64},{"v":3953,"type":"NETHERITE_BLOCK","amount":64},{"v":3953,"type":"NETHERITE_BLOCK","amount":64},{"v":3953,"type":"NETHERITE_BLOCK","amount":64},{"v":3953,"type":"BLACK_BED"}]}}}"
"2024-07-08T03:33:31Z";"RELOAD_PLUGIN";"{"sender":{"name":"Yawero","op":true,"id":"eebe3820-7699-4d83-85ea-a528b76a29f1","entity-id":1426,"location":{"world":"world","x":-53.49887158000497,"y":32.0,"z":-67.72673038878229,"yaw":134.4075,"pitch":42.75399}}}"
"2024-07-08T03:33:38Z";"DESTROY_CHEST";"{"chest":{"location":{"world":"world","x":-55.0,"y":32.0,"z":-69.0},"createdAt":1720409537679,"expireAt":1720410437679,"owner":{"name":"Yawero","op":true,"id":"eebe3820-7699-4d83-85ea-a528b76a29f1","entity-id":1426,"location":{"world":"world","x":-53.49887158000497,"y":32.0,"z":-67.72673038878229,"yaw":132.32292,"pitch":43.995792}},"isProtected":false,"inventory":{"type":"CHEST","size":36,"content":[]}},"reason":"BREAK","extra":{"player":{"name":"Yawero","op":true,"id":"eebe3820-7699-4d83-85ea-a528b76a29f1","entity-id":1426,"location":{"world":"world","x":-53.49887158000497,"y":32.0,"z":-67.72673038878229,"yaw":132.32292,"pitch":43.995792}}}}"
"2024-07-08T03:33:39Z";"RELOAD_PLUGIN";"{"sender":{"name":"Yawero","op":true,"id":"eebe3820-7699-4d83-85ea-a528b76a29f1","entity-id":1426,"location":{"world":"world","x":-56.88080555030486,"y":32.0,"z":-70.2211049047471,"yaw":126.06944,"pitch":47.499474}}}"
"2024-07-08T03:33:56Z";"CREATE_CHEST";"{"chest":{"location":{"world":"world","x":-43.0,"y":32.0,"z":-66.0},"createdAt":1720409636836,"expireAt":1720410536836,"owner":{"name":"Yawero","op":true,"id":"eebe3820-7699-4d83-85ea-a528b76a29f1","entity-id":1426,"location":{"world":"world","x":-42.54475167656224,"y":41.0,"z":-65.60881366401986,"yaw":107.44231,"pitch":76.016846}},"isProtected":false,"inventory":{"type":"CHEST","size":36,"content":[{"v":3953,"type":"OAK_SLAB","amount":64},{"v":3953,"type":"NETHERITE_BLOCK","amount":64},{"v":3953,"type":"NETHERITE_BLOCK","amount":64},{"v":3953,"type":"NETHERITE_BLOCK","amount":64},{"v":3953,"type":"NETHERITE_BLOCK","amount":64},{"v":3953,"type":"NETHERITE_BLOCK","amount":64},{"v":3953,"type":"NETHERITE_BLOCK","amount":64},{"v":3953,"type":"OAK_PLANKS","amount":64},{"v":3953,"type":"NETHERITE_BLOCK","amount":64},{"v":3953,"type":"NETHERITE_BOOTS"},{"v":3953,"type":"NETHERITE_BLOCK","amount":64},{"v":3953,"type":"NETHERITE_BLOCK","amount":64},{"v":3953,"type":"NETHERITE_HELMET"},{"v":3953,"type":"NETHERITE_BLOCK","amount":64},{"v":3953,"type":"NETHERITE_BLOCK","amount":64},{"v":3953,"type":"NETHERITE_CHESTPLATE"},{"v":3953,"type":"NETHERITE_BLOCK","amount":64},{"v":3953,"type":"NETHERITE_BLOCK","amount":64},{"v":3953,"type":"NETHERITE_BLOCK","amount":64},{"v":3953,"type":"NETHERITE_BLOCK","amount":64},{"v":3953,"type":"NETHERITE_LEGGINGS"},{"v":3953,"type":"NETHERITE_BLOCK","amount":64},{"v":3953,"type":"WARPED_HYPHAE","amount":64},{"v":3953,"type":"NETHERITE_BLOCK","amount":64},{"v":3953,"type":"NETHERITE_BLOCK","amount":64},{"v":3953,"type":"OAK_STAIRS","amount":64},{"v":3953,"type":"NETHERITE_BLOCK","amount":64},{"v":3953,"type":"NETHERITE_BLOCK","amount":64},{"v":3953,"type":"NETHERITE_BLOCK","amount":64},{"v":3953,"type":"NETHERITE_BLOCK","amount":64},{"v":3953,"type":"BLACK_BED"},{"v":3953,"type":"NETHERITE_BLOCK","amount":64},{"v":3953,"type":"NETHERITE_BLOCK","amount":64}]}}}"
"2024-07-08T03:35:31Z";"RELOAD_PLUGIN";"{"sender":{"name":"Yawero","op":true,"id":"eebe3820-7699-4d83-85ea-a528b76a29f1","entity-id":1426,"location":{"world":"world","x":-43.23750001192093,"y":32.0,"z":-65.73641772165611,"yaw":-166.51129,"pitch":46.745518}}}"
"2024-07-08T03:35:49Z";"DESTROY_CHEST";"{"chest":{"location":{"world":"world","x":-43.0,"y":32.0,"z":-66.0},"createdAt":1720409636836,"expireAt":1720410536836,"owner":{"name":"Yawero","op":true,"id":"eebe3820-7699-4d83-85ea-a528b76a29f1","entity-id":1426,"location":{"world":"world","x":-40.9805564937217,"y":31.0,"z":-64.93904693668266,"yaw":110.0528,"pitch":0.7983284}},"isProtected":false,"inventory":{"type":"CHEST","size":36,"content":[]}},"reason":"BREAK","extra":{"player":{"name":"Yawero","op":true,"id":"eebe3820-7699-4d83-85ea-a528b76a29f1","entity-id":1426,"location":{"world":"world","x":-40.9805564937217,"y":31.0,"z":-64.93904693668266,"yaw":110.0528,"pitch":0.7983284}}}}"
"2024-07-08T03:35:57Z";"CREATE_CHEST";"{"chest":{"location":{"world":"world","x":-57.0,"y":31.0,"z":-73.0},"createdAt":1720409757432,"expireAt":1720410657432,"owner":{"name":"Yawero","op":true,"id":"eebe3820-7699-4d83-85ea-a528b76a29f1","entity-id":1426,"location":{"world":"world","x":-56.78604653680027,"y":31.0,"z":-72.83898015360407,"yaw":94.175316,"pitch":44.128876}},"isProtected":false,"inventory":{"type":"CHEST","size":36,"content":[{"v":3953,"type":"NETHERITE_BLOCK","amount":64},{"v":3953,"type":"NETHERITE_BLOCK","amount":64},{"v":3953,"type":"NETHERITE_BLOCK","amount":64},{"v":3953,"type":"NETHERITE_HELMET"},{"v":3953,"type":"NETHERITE_BLOCK","amount":64},{"v":3953,"type":"NETHERITE_CHESTPLATE"},{"v":3953,"type":"NETHERITE_BLOCK","amount":64},{"v":3953,"type":"NETHERITE_BLOCK","amount":64},{"v":3953,"type":"NETHERITE_BLOCK","amount":64},{"v":3953,"type":"WARPED_HYPHAE","amount":64},{"v":3953,"type":"NETHERITE_BLOCK","amount":64},{"v":3953,"type":"NETHERITE_BLOCK","amount":64},{"v":3953,"type":"NETHERITE_BLOCK","amount":64},{"v":3953,"type":"NETHERITE_BLOCK","amount":64},{"v":3953,"type":"NETHERITE_BLOCK","amount":64},{"v":3953,"type":"NETHERITE_BLOCK","amount":64},{"v":3953,"type":"NETHERITE_BLOCK","amount":64},{"v":3953,"type":"NETHERITE_BLOCK","amount":64},{"v":3953,"type":"NETHERITE_BLOCK","amount":64},{"v":3953,"type":"OAK_STAIRS","amount":64},{"v":3953,"type":"BLACK_BED"},{"v":3953,"type":"OAK_SLAB","amount":64},{"v":3953,"type":"OAK_PLANKS","amount":64},{"v":3953,"type":"NETHERITE_LEGGINGS"},{"v":3953,"type":"NETHERITE_BLOCK","amount":64},{"v":3953,"type":"NETHERITE_BLOCK","amount":64},{"v":3953,"type":"NETHERITE_BOOTS"},{"v":3953,"type":"NETHERITE_BLOCK","amount":64},{"v":3953,"type":"NETHERITE_BLOCK","amount":64},{"v":3953,"type":"NETHERITE_BLOCK","amount":64},{"v":3953,"type":"NETHERITE_BLOCK","amount":64},{"v":3953,"type":"NETHERITE_BLOCK","amount":64},{"v":3953,"type":"NETHERITE_BLOCK","amount":64}]}}}"
"2024-07-08T03:36:21Z";"RELOAD_PLUGIN";"{"sender":{"name":"Yawero","op":true,"id":"eebe3820-7699-4d83-85ea-a528b76a29f1","entity-id":1426,"location":{"world":"world","x":-59.21543586300898,"y":31.0,"z":-71.50891681316382,"yaw":-110.54689,"pitch":16.454077}}}"
"2024-07-08T03:36:27Z";"DESTROY_CHEST";"{"chest":{"location":{"world":"world","x":-57.0,"y":31.0,"z":-73.0},"createdAt":1720409757432,"expireAt":1720410657432,"owner":{"name":"Yawero","op":true,"id":"eebe3820-7699-4d83-85ea-a528b76a29f1","entity-id":1426,"location":{"world":"world","x":-57.119514281566495,"y":31.0,"z":-71.22582298767234,"yaw":-151.793,"pitch":31.66631}},"isProtected":false,"inventory":{"type":"CHEST","size":36,"content":[]}},"reason":"BREAK","extra":{"player":{"name":"Yawero","op":true,"id":"eebe3820-7699-4d83-85ea-a528b76a29f1","entity-id":1426,"location":{"world":"world","x":-57.119514281566495,"y":31.0,"z":-71.22582298767234,"yaw":-151.793,"pitch":31.66631}}}}"
"2024-07-08T03:36:32Z";"CREATE_CHEST";"{"chest":{"location":{"world":"world","x":-60.0,"y":31.0,"z":-74.0},"createdAt":1720409792875,"expireAt":1720410692875,"owner":{"name":"Yawero","op":true,"id":"eebe3820-7699-4d83-85ea-a528b76a29f1","entity-id":1426,"location":{"world":"world","x":-59.50933658196475,"y":31.0,"z":-73.90499858063068,"yaw":169.31146,"pitch":89.60085}},"isProtected":false,"inventory":{"type":"CHEST","size":36,"content":[{"v":3953,"type":"NETHERITE_BLOCK","amount":64},{"v":3953,"type":"NETHERITE_BLOCK","amount":64},{"v":3953,"type":"NETHERITE_HELMET"},{"v":3953,"type":"NETHERITE_BLOCK","amount":64},{"v":3953,"type":"NETHERITE_CHESTPLATE"},{"v":3953,"type":"NETHERITE_BLOCK","amount":64},{"v":3953,"type":"NETHERITE_BLOCK","amount":64},{"v":3953,"type":"WARPED_HYPHAE","amount":64},{"v":3953,"type":"NETHERITE_BLOCK","amount":64},{"v":3953,"type":"NETHERITE_BLOCK","amount":64},{"v":3953,"type":"NETHERITE_BLOCK","amount":64},{"v":3953,"type":"NETHERITE_BLOCK","amount":64},{"v":3953,"type":"NETHERITE_BLOCK","amount":64},{"v":3953,"type":"OAK_STAIRS","amount":64},{"v":3953,"type":"BLACK_BED"},{"v":3953,"type":"OAK_PLANKS","amount":64},{"v":3953,"type":"NETHERITE_LEGGINGS"},{"v":3953,"type":"NETHERITE_BLOCK","amount":64},{"v":3953,"type":"NETHERITE_BLOCK","amount":64},{"v":3953,"type":"NETHERITE_BLOCK","amount":64},{"v":3953,"type":"NETHERITE_BLOCK","amount":64},{"v":3953,"type":"NETHERITE_BOOTS"},{"v":3953,"type":"NETHERITE_BLOCK","amount":64},{"v":3953,"type":"NETHERITE_BLOCK","amount":64},{"v":3953,"type":"NETHERITE_BLOCK","amount":64},{"v":3953,"type":"NETHERITE_BLOCK","amount":64},{"v":3953,"type":"NETHERITE_BLOCK","amount":64},{"v":3953,"type":"OAK_SLAB","amount":64},{"v":3953,"type":"NETHERITE_BLOCK","amount":64},{"v":3953,"type":"NETHERITE_BLOCK","amount":64},{"v":3953,"type":"NETHERITE_BLOCK","amount":64},{"v":3953,"type":"NETHERITE_BLOCK","amount":64},{"v":3953,"type":"NETHERITE_BLOCK","amount":64}]}}}"
"2024-07-08T03:37:07Z";"DESTROY_CHEST";"{"chest":{"location":{"world":"world","x":-60.0,"y":31.0,"z":-74.0},"createdAt":1720409792875,"expireAt":1720410692875,"owner":{"name":"Yawero","op":true,"id":"eebe3820-7699-4d83-85ea-a528b76a29f1","entity-id":1426,"location":{"world":"world","x":-59.92849055118974,"y":31.0,"z":-71.67481985637775,"yaw":-168.38002,"pitch":33.440365}},"isProtected":false,"inventory":{"type":"CHEST","size":36,"content":[]}},"reason":"BREAK","extra":{"player":{"name":"Yawero","op":true,"id":"eebe3820-7699-4d83-85ea-a528b76a29f1","entity-id":1426,"location":{"world":"world","x":-60.06834932085535,"y":31.0,"z":-71.80895261869415,"yaw":-162.70312,"pitch":33.396015}}}}"
"2024-07-08T03:37:09Z";"RELOAD_PLUGIN";"{"sender":{"name":"Yawero","op":true,"id":"eebe3820-7699-4d83-85ea-a528b76a29f1","entity-id":1426,"location":{"world":"world","x":-59.833939167010556,"y":31.0,"z":-75.39949728771109,"yaw":143.6326,"pitch":33.97258}}}"
"2024-07-08T03:37:13Z";"CREATE_CHEST";"{"chest":{"location":{"world":"world","x":-60.0,"y":31.0,"z":-76.0},"createdAt":1720409833929,"expireAt":1720410733929,"owner":{"name":"Yawero","op":true,"id":"eebe3820-7699-4d83-85ea-a528b76a29f1","entity-id":1426,"location":{"world":"world","x":-59.833939167010556,"y":31.0,"z":-75.39949728771109,"yaw":31.3367,"pitch":90.0}},"isProtected":false,"inventory":{"type":"CHEST","size":36,"content":[{"v":3953,"type":"NETHERITE_BLOCK","amount":64},{"v":3953,"type":"NETHERITE_BLOCK","amount":64},{"v":3953,"type":"NETHERITE_CHESTPLATE"},{"v":3953,"type":"NETHERITE_BLOCK","amount":64},{"v":3953,"type":"NETHERITE_BLOCK","amount":64},{"v":3953,"type":"NETHERITE_BLOCK","amount":64},{"v":3953,"type":"NETHERITE_BLOCK","amount":64},{"v":3953,"type":"OAK_STAIRS","amount":64},{"v":3953,"type":"BLACK_BED"},{"v":3953,"type":"NETHERITE_LEGGINGS"},{"v":3953,"type":"NETHERITE_BLOCK","amount":64},{"v":3953,"type":"NETHERITE_BLOCK","amount":64},{"v":3953,"type":"NETHERITE_BLOCK","amount":64},{"v":3953,"type":"NETHERITE_BLOCK","amount":64},{"v":3953,"type":"NETHERITE_BLOCK","amount":64},{"v":3953,"type":"NETHERITE_BLOCK","amount":64},{"v":3953,"type":"NETHERITE_BLOCK","amount":64},{"v":3953,"type":"NETHERITE_BLOCK","amount":64},{"v":3953,"type":"OAK_SLAB","amount":64},{"v":3953,"type":"NETHERITE_BLOCK","amount":64},{"v":3953,"type":"NETHERITE_BLOCK","amount":64},{"v":3953,"type":"NETHERITE_BLOCK","amount":64},{"v":3953,"type":"NETHERITE_BLOCK","amount":64},{"v":3953,"type":"NETHERITE_BLOCK","amount":64},{"v":3953,"type":"NETHERITE_BLOCK","amount":64},{"v":3953,"type":"NETHERITE_BLOCK","amount":64},{"v":3953,"type":"NETHERITE_BOOTS"},{"v":3953,"type":"NETHERITE_HELMET"},{"v":3953,"type":"NETHERITE_BLOCK","amount":64},{"v":3953,"type":"WARPED_HYPHAE","amount":64},{"v":3953,"type":"NETHERITE_BLOCK","amount":64},{"v":3953,"type":"OAK_PLANKS","amount":64},{"v":3953,"type":"NETHERITE_BLOCK","amount":64}]}}}"
"2024-07-08T03:37:26Z";"DESTROY_CHEST";"{"chest":{"location":{"world":"world","x":-60.0,"y":31.0,"z":-76.0},"createdAt":1720409833929,"expireAt":1720410733929,"owner":{"name":"Yawero","op":true,"id":"eebe3820-7699-4d83-85ea-a528b76a29f1","entity-id":1426,"location":{"world":"world","x":-60.294476724254125,"y":31.0,"z":-73.79044955822232,"yaw":-157.82465,"pitch":30.069708}},"isProtected":false,"inventory":{"type":"CHEST","size":36,"content":[]}},"reason":"BREAK","extra":{"player":{"name":"Yawero","op":true,"id":"eebe3820-7699-4d83-85ea-a528b76a29f1","entity-id":1426,"location":{"world":"world","x":-60.294476724254125,"y":31.0,"z":-73.79044955822232,"yaw":-157.82465,"pitch":30.069708}}}}"
"2024-07-08T03:38:36Z";"CREATE_CHEST";"{"chest":{"location":{"world":"world","x":-61.0,"y":31.0,"z":-74.0},"createdAt":1720409916378,"expireAt":1720410816378,"owner":{"name":"Yawero","op":true,"id":"eebe3820-7699-4d83-85ea-a528b76a29f1","entity-id":1426,"location":{"world":"world","x":-60.48993307713934,"y":31.0,"z":-73.08840790974804,"yaw":45.08551,"pitch":89.7339}},"isProtected":false,"inventory":{"type":"CHEST","size":36,"content":[{"v":3953,"type":"NETHERITE_BLOCK","amount":64},{"v":3953,"type":"NETHERITE_BLOCK","amount":64},{"v":3953,"type":"NETHERITE_BLOCK","amount":64},{"v":3953,"type":"OAK_STAIRS","amount":64},{"v":3953,"type":"NETHERITE_LEGGINGS"},{"v":3953,"type":"NETHERITE_BLOCK","amount":64},{"v":3953,"type":"NETHERITE_BLOCK","amount":64},{"v":3953,"type":"NETHERITE_BLOCK","amount":64},{"v":3953,"type":"NETHERITE_BLOCK","amount":64},{"v":3953,"type":"NETHERITE_BLOCK","amount":64},{"v":3953,"type":"NETHERITE_BLOCK","amount":64},{"v":3953,"type":"NETHERITE_BLOCK","amount":64},{"v":3953,"type":"NETHERITE_BLOCK","amount":64},{"v":3953,"type":"NETHERITE_BLOCK","amount":64},{"v":3953,"type":"NETHERITE_BLOCK","amount":64},{"v":3953,"type":"NETHERITE_BLOCK","amount":64},{"v":3953,"type":"NETHERITE_BLOCK","amount":64},{"v":3953,"type":"WARPED_HYPHAE","amount":64},{"v":3953,"type":"NETHERITE_BLOCK","amount":64},{"v":3953,"type":"NETHERITE_BLOCK","amount":64},{"v":3953,"type":"OAK_SLAB","amount":64},{"v":3953,"type":"NETHERITE_BLOCK","amount":64},{"v":3953,"type":"NETHERITE_BLOCK","amount":64},{"v":3953,"type":"NETHERITE_BLOCK","amount":64},{"v":3953,"type":"NETHERITE_HELMET"},{"v":3953,"type":"OAK_PLANKS","amount":64},{"v":3953,"type":"NETHERITE_BLOCK","amount":64},{"v":3953,"type":"NETHERITE_CHESTPLATE"},{"v":3953,"type":"NETHERITE_BLOCK","amount":64},{"v":3953,"type":"BLACK_BED"},{"v":3953,"type":"NETHERITE_BLOCK","amount":64},{"v":3953,"type":"NETHERITE_BLOCK","amount":64},{"v":3953,"type":"NETHERITE_BOOTS"}]}}}"
"2024-07-08T03:40:52Z";"DESTROY_CHEST";"{"chest":{"location":{"world":"world","x":-61.0,"y":31.0,"z":-74.0},"createdAt":1720409916378,"expireAt":1720410816378,"owner":{"name":"Yawero","op":true,"id":"eebe3820-7699-4d83-85ea-a528b76a29f1","entity-id":1426,"location":{"world":"world","x":-61.43095887027715,"y":31.0,"z":-72.23724818041346,"yaw":-144.91869,"pitch":26.388605}},"isProtected":false,"inventory":{"type":"CHEST","size":36,"content":[]}},"reason":"BREAK","extra":{"player":{"name":"Yawero","op":true,"id":"eebe3820-7699-4d83-85ea-a528b76a29f1","entity-id":1426,"location":{"world":"world","x":-61.43095887027715,"y":31.0,"z":-72.23724818041346,"yaw":-144.91869,"pitch":26.388605}}}}"
"2024-07-08T03:40:55Z";"RELOAD_PLUGIN";"{"sender":{"name":"Yawero","op":true,"id":"eebe3820-7699-4d83-85ea-a528b76a29f1","entity-id":1426,"location":{"world":"world","x":-60.07010019212105,"y":31.0,"z":-74.17464376150055,"yaw":-144.91869,"pitch":26.388605}}}"
"2024-07-08T03:40:59Z";"CREATE_CHEST";"{"chest":{"location":{"world":"world","x":-61.0,"y":31.0,"z":-75.0},"createdAt":1720410059518,"expireAt":1720410959518,"owner":{"name":"Yawero","op":true,"id":"eebe3820-7699-4d83-85ea-a528b76a29f1","entity-id":1426,"location":{"world":"world","x":-60.07010019212105,"y":31.0,"z":-74.17464376150055,"yaw":175.91975,"pitch":84.88706}},"isProtected":false,"inventory":{"type":"CHEST","size":36,"content":[{"v":3953,"type":"NETHERITE_BLOCK","amount":64},{"v":3953,"type":"NETHERITE_LEGGINGS"},{"v":3953,"type":"NETHERITE_BLOCK","amount":64},{"v":3953,"type":"NETHERITE_BLOCK","amount":64},{"v":3953,"type":"NETHERITE_BLOCK","amount":64},{"v":3953,"type":"NETHERITE_BLOCK","amount":64},{"v":3953,"type":"NETHERITE_BLOCK","amount":64},{"v":3953,"type":"NETHERITE_BLOCK","amount":64},{"v":3953,"type":"NETHERITE_BLOCK","amount":64},{"v":3953,"type":"OAK_SLAB","amount":64},{"v":3953,"type":"NETHERITE_BLOCK","amount":64},{"v":3953,"type":"NETHERITE_BLOCK","amount":64},{"v":3953,"type":"NETHERITE_HELMET"},{"v":3953,"type":"NETHERITE_CHESTPLATE"},{"v":3953,"type":"NETHERITE_BLOCK","amount":64},{"v":3953,"type":"BLACK_BED"},{"v":3953,"type":"NETHERITE_BLOCK","amount":64},{"v":3953,"type":"NETHERITE_BLOCK","amount":64},{"v":3953,"type":"NETHERITE_BLOCK","amount":64},{"v":3953,"type":"NETHERITE_BLOCK","amount":64},{"v":3953,"type":"NETHERITE_BLOCK","amount":64},{"v":3953,"type":"NETHERITE_BLOCK","amount":64},{"v":3953,"type":"NETHERITE_BLOCK","amount":64},{"v":3953,"type":"WARPED_HYPHAE","amount":64},{"v":3953,"type":"NETHERITE_BLOCK","amount":64},{"v":3953,"type":"NETHERITE_BLOCK","amount":64},{"v":3953,"type":"NETHERITE_BLOCK","amount":64},{"v":3953,"type":"OAK_PLANKS","amount":64},{"v":3953,"type":"OAK_STAIRS","amount":64},{"v":3953,"type":"NETHERITE_BLOCK","amount":64},{"v":3953,"type":"NETHERITE_BLOCK","amount":64},{"v":3953,"type":"NETHERITE_BLOCK","amount":64},{"v":3953,"type":"NETHERITE_BOOTS"}]}}}"
"2024-07-08T03:41:11Z";"DESTROY_CHEST";"{"chest":{"location":{"world":"world","x":-61.0,"y":31.0,"z":-75.0},"createdAt":1720410059518,"expireAt":1720410959518,"owner":{"name":"Yawero","op":true,"id":"eebe3820-7699-4d83-85ea-a528b76a29f1","entity-id":1426,"location":{"world":"world","x":-61.61579964837582,"y":31.0,"z":-76.69104212471981,"yaw":-25.260712,"pitch":22.663202}},"isProtected":false,"inventory":{"type":"CHEST","size":36,"content":[]}},"reason":"BREAK","extra":{"player":{"name":"Yawero","op":true,"id":"eebe3820-7699-4d83-85ea-a528b76a29f1","entity-id":1426,"location":{"world":"world","x":-61.61579964837582,"y":31.0,"z":-76.69104212471981,"yaw":-25.260712,"pitch":22.663202}}}}"
"2024-07-08T03:41:22Z";"RELOAD_PLUGIN";"{"sender":{"name":"Yawero","op":true,"id":"eebe3820-7699-4d83-85ea-a528b76a29f1","entity-id":1426,"location":{"world":"world","x":-57.11280148288105,"y":32.0,"z":-81.19096657236759,"yaw":-171.2186,"pitch":21.066582}}}"
"2024-07-08T03:41:26Z";"CREATE_CHEST";"{"chest":{"location":{"world":"world","x":-59.0,"y":31.0,"z":-74.0},"createdAt":1720410086419,"expireAt":1720410986419,"owner":{"name":"Yawero","op":true,"id":"eebe3820-7699-4d83-85ea-a528b76a29f1","entity-id":1426,"location":{"world":"world","x":-58.890735240817385,"y":31.0,"z":-73.44320648165221,"yaw":4.2324505,"pitch":85.91975}},"isProtected":false,"inventory":{"type":"CHEST","size":36,"content":[{"v":3953,"type":"NETHERITE_BLOCK","amount":64},{"v":3953,"type":"NETHERITE_BLOCK","amount":64},{"v":3953,"type":"NETHERITE_HELMET"},{"v":3953,"type":"NETHERITE_BLOCK","amount":64},{"v":3953,"type":"OAK_STAIRS","amount":64},{"v":3953,"type":"NETHERITE_BLOCK","amount":64},{"v":3953,"type":"NETHERITE_BLOCK","amount":64},{"v":3953,"type":"BLACK_BED"},{"v":3953,"type":"NETHERITE_BLOCK","amount":64},{"v":3953,"type":"OAK_PLANKS","amount":64},{"v":3953,"type":"NETHERITE_BLOCK","amount":64},{"v":3953,"type":"NETHERITE_BLOCK","amount":64},{"v":3953,"type":"OAK_SLAB","amount":64},{"v":3953,"type":"NETHERITE_BLOCK","amount":64},{"v":3953,"type":"NETHERITE_BLOCK","amount":64},{"v":3953,"type":"NETHERITE_BLOCK","amount":64},{"v":3953,"type":"NETHERITE_BLOCK","amount":64},{"v":3953,"type":"NETHERITE_BLOCK","amount":64},{"v":3953,"type":"NETHERITE_BLOCK","amount":64},{"v":3953,"type":"NETHERITE_BLOCK","amount":64},{"v":3953,"type":"NETHERITE_BLOCK","amount":64},{"v":3953,"type":"NETHERITE_BLOCK","amount":64},{"v":3953,"type":"NETHERITE_BLOCK","amount":64},{"v":3953,"type":"NETHERITE_BLOCK","amount":64},{"v":3953,"type":"NETHERITE_BLOCK","amount":64},{"v":3953,"type":"NETHERITE_BLOCK","amount":64},{"v":3953,"type":"NETHERITE_BLOCK","amount":64},{"v":3953,"type":"WARPED_HYPHAE","amount":64},{"v":3953,"type":"NETHERITE_BLOCK","amount":64},{"v":3953,"type":"NETHERITE_BOOTS"},{"v":3953,"type":"NETHERITE_CHESTPLATE"},{"v":3953,"type":"NETHERITE_LEGGINGS"},{"v":3953,"type":"NETHERITE_BLOCK","amount":64}]}}}"
"2024-07-08T03:42:24Z";"RELOAD_PLUGIN";"{"sender":{"name":"Yawero","op":true,"id":"eebe3820-7699-4d83-85ea-a528b76a29f1","entity-id":1426,"location":{"world":"world","x":-70.5,"y":32.0,"z":-69.5,"yaw":179.77824,"pitch":-0.08870123}}}"
"2024-07-08T03:42:32Z";"DESTROY_CHEST";"{"chest":{"location":{"world":"world","x":-59.0,"y":31.0,"z":-74.0},"createdAt":1720410086419,"expireAt":1720410986419,"owner":{"name":"Yawero","op":true,"id":"eebe3820-7699-4d83-85ea-a528b76a29f1","entity-id":1426,"location":{"world":"world","x":-59.031435903251385,"y":31.0,"z":-72.51013067040006,"yaw":-154.14366,"pitch":37.697998}},"isProtected":false,"inventory":{"type":"CHEST","size":36,"content":[]}},"reason":"BREAK","extra":{"player":{"name":"Yawero","op":true,"id":"eebe3820-7699-4d83-85ea-a528b76a29f1","entity-id":1426,"location":{"world":"world","x":-59.031435903251385,"y":31.0,"z":-72.51013067040006,"yaw":-154.14366,"pitch":37.697998}}}}"
"2024-07-08T03:47:17Z";"CREATE_CHEST";"{"chest":{"location":{"world":"world","x":-49.0,"y":41.0,"z":-60.0},"createdAt":1720410437932,"expireAt":1720411337932,"owner":{"name":"Yawero","op":true,"id":"3eab1e91-dfe1-3257-81f5-3b0b24848a9b","entity-id":62,"location":{"world":"world","x":-48.079493399879546,"y":41.0,"z":-59.809294277584634,"yaw":149.10081,"pitch":49.096107}},"isProtected":false,"inventory":{"type":"CHEST","size":18,"content":[{"v":3953,"type":"DIAMOND_BLOCK","amount":64},{"v":3953,"type":"DIAMOND_BLOCK","amount":64},{"v":3953,"type":"DIAMOND_BLOCK","amount":64},{"v":3953,"type":"DIAMOND_BLOCK","amount":64},{"v":3953,"type":"DIAMOND_BLOCK","amount":64},{"v":3953,"type":"DIAMOND_BLOCK","amount":64},{"v":3953,"type":"DIAMOND_BLOCK","amount":64},{"v":3953,"type":"DIAMOND_BLOCK","amount":64},{"v":3953,"type":"DIAMOND_BLOCK","amount":64},{"v":3953,"type":"DIAMOND_BLOCK","amount":64},{"v":3953,"type":"DIAMOND_BLOCK","amount":64},{"v":3953,"type":"DIAMOND_BLOCK","amount":64},{"v":3953,"type":"DIAMOND_BLOCK","amount":64},{"v":3953,"type":"DIAMOND_BLOCK","amount":64},{"v":3953,"type":"DIAMOND_BLOCK","amount":4}]}}}"
"2024-07-08T03:47:20Z";"CREATE_CHEST";"{"chest":{"location":{"world":"world","x":-48.0,"y":42.0,"z":-58.0},"createdAt":1720410440330,"expireAt":1720411340330,"owner":{"name":"jscadima","op":false,"id":"781bfca7-36de-3f21-9ee3-67675167b86f","entity-id":30,"location":{"world":"world","x":-47.82741301117382,"y":42.0,"z":-58.029535531659214,"yaw":144.94508,"pitch":86.86451}},"isProtected":false,"inventory":{"type":"CHEST","size":18,"content":[{"v":3953,"type":"DANDELION"},{"v":3953,"type":"WHEAT_SEEDS"},{"v":3953,"type":"DIAMOND_BLOCK","amount":64},{"v":3953,"type":"DIAMOND_BLOCK","amount":64},{"v":3953,"type":"DIAMOND_BLOCK","amount":64},{"v":3953,"type":"DIAMOND_BLOCK","amount":64},{"v":3953,"type":"DIAMOND_BLOCK","amount":64},{"v":3953,"type":"DIAMOND_BLOCK","amount":64},{"v":3953,"type":"DIAMOND_BLOCK","amount":42},{"v":3953,"type":"DIAMOND_BLOCK","amount":64},{"v":3953,"type":"DIAMOND_BLOCK","amount":64},{"v":3953,"type":"DIAMOND_BLOCK","amount":64},{"v":3953,"type":"DIAMOND_BLOCK","amount":64},{"v":3953,"type":"DIAMOND_BLOCK","amount":64},{"v":3953,"type":"DIAMOND_BLOCK","amount":64},{"v":3953,"type":"DIAMOND_BLOCK","amount":64},{"v":3953,"type":"DIAMOND_BLOCK","amount":4}]}}}"
"2024-07-08T03:47:48Z";"DESTROY_CHEST";"{"chest":{"location":{"world":"world","x":-48.0,"y":42.0,"z":-58.0},"createdAt":1720410440330,"expireAt":1720411340330,"owner":{"name":"jscadima","op":false,"id":"781bfca7-36de-3f21-9ee3-67675167b86f","entity-id":30,"location":{"world":"world","x":-48.515463852543256,"y":41.875,"z":-59.48931153790412,"yaw":72.390076,"pitch":88.43228}},"isProtected":false,"inventory":{"type":"CHEST","size":18,"content":[]}},"reason":"BREAK","extra":{"player":{"name":"Yawero","op":true,"id":"3eab1e91-dfe1-3257-81f5-3b0b24848a9b","entity-id":62,"location":{"world":"world","x":-48.30000001192093,"y":41.0,"z":-57.50350620891397,"yaw":-89.28375,"pitch":18.89336}}}}"
"2024-07-08T03:47:50Z";"DESTROY_CHEST";"{"chest":{"location":{"world":"world","x":-49.0,"y":41.0,"z":-60.0},"createdAt":1720410437932,"expireAt":1720411337932,"owner":{"name":"Yawero","op":true,"id":"3eab1e91-dfe1-3257-81f5-3b0b24848a9b","entity-id":62,"location":{"world":"world","x":-47.54398704123649,"y":42.0,"z":-57.689311222705626,"yaw":117.44054,"pitch":37.786716}},"isProtected":false,"inventory":{"type":"CHEST","size":18,"content":[{"v":3953,"type":"DIAMOND_BLOCK","amount":64},{"v":3953,"type":"DIAMOND_BLOCK","amount":64},{"v":3953,"type":"DIAMOND_BLOCK","amount":64},{"v":3953,"type":"DIAMOND_BLOCK","amount":64},{"v":3953,"type":"DIAMOND_BLOCK","amount":64},{"v":3953,"type":"DIAMOND_BLOCK","amount":64},{"v":3953,"type":"DIAMOND_BLOCK","amount":64},{"v":3953,"type":"DIAMOND_BLOCK","amount":64},{"v":3953,"type":"DIAMOND_BLOCK","amount":64},{"v":3953,"type":"DIAMOND_BLOCK","amount":64},{"v":3953,"type":"DIAMOND_BLOCK","amount":64},{"v":3953,"type":"DIAMOND_BLOCK","amount":64},{"v":3953,"type":"DIAMOND_BLOCK","amount":64},{"v":3953,"type":"DIAMOND_BLOCK","amount":64},{"v":3953,"type":"DIAMOND_BLOCK","amount":4}]}},"reason":"BREAK","extra":{"player":{"name":"jscadima","op":false,"id":"781bfca7-36de-3f21-9ee3-67675167b86f","entity-id":30,"location":{"world":"world","x":-48.520957077907845,"y":41.875,"z":-59.48931153790412,"yaw":72.390076,"pitch":88.43228}}}}"
"2024-07-08T03:50:31Z";"CREATE_CHEST";"{"chest":{"location":{"world":"world","x":-50.0,"y":34.0,"z":-68.0},"createdAt":1720410631287,"expireAt":1720411531287,"owner":{"name":"jscadima","op":false,"id":"781bfca7-36de-3f21-9ee3-67675167b86f","entity-id":30,"location":{"world":"world","x":-49.94919288515521,"y":34.0,"z":-67.42039346681928,"yaw":-106.8809,"pitch":90.0}},"isProtected":false,"inventory":{"type":"CHEST","size":18,"content":[{"v":3953,"type":"DIAMOND_BLOCK","amount":64},{"v":3953,"type":"DIAMOND_BLOCK","amount":12},{"v":3953,"type":"DIAMOND_BLOCK","amount":64},{"v":3953,"type":"DIAMOND_BLOCK","amount":63},{"v":3953,"type":"DIAMOND_BLOCK","amount":64},{"v":3953,"type":"DIAMOND_BLOCK","amount":64},{"v":3953,"type":"DIAMOND_BLOCK","amount":64},{"v":3953,"type":"DIAMOND_BLOCK","amount":64},{"v":3953,"type":"DIAMOND_BLOCK","amount":64},{"v":3953,"type":"DIAMOND_BLOCK","amount":64},{"v":3953,"type":"DIAMOND_BLOCK","amount":64},{"v":3953,"type":"DIAMOND_BLOCK","amount":64},{"v":3953,"type":"DIAMOND_BLOCK","amount":64},{"v":3953,"type":"DIAMOND_BLOCK","amount":64},{"v":3953,"type":"DIAMOND_BLOCK","amount":4}]}}}"
"2024-07-08T03:50:49Z";"DESTROY_CHEST";"{"chest":{"location":{"world":"world","x":-50.0,"y":34.0,"z":-68.0},"createdAt":1720410631287,"expireAt":1720411531287,"owner":{"name":"jscadima","op":false,"id":"781bfca7-36de-3f21-9ee3-67675167b86f","entity-id":30,"location":{"world":"world","x":-49.79068864929315,"y":34.0,"z":-66.44471055062172,"yaw":-162.17368,"pitch":41.18896}},"isProtected":false,"inventory":{"type":"CHEST","size":18,"content":[]}},"reason":"BREAK","extra":{"player":{"name":"jscadima","op":false,"id":"781bfca7-36de-3f21-9ee3-67675167b86f","entity-id":30,"location":{"world":"world","x":-49.79068864929315,"y":34.0,"z":-66.44471055062172,"yaw":-162.17368,"pitch":41.18896}}}}"
