{"stats":{"minecraft:crafted":{"minecraft:pumpkin":4,"minecraft:tube_coral_block":8,"minecraft:wheat_seeds":12,"minecraft:orange_dye":36,"minecraft:oxeye_daisy":12,"minecraft:gunpowder":8,"minecraft:air":0},"minecraft:mined":{"minecraft:blue_carpet":1,"minecraft:yellow_carpet":2,"minecraft:tripwire":2,"minecraft:note_block":7,"minecraft:black_bed":2,"minecraft:grass_block":1,"minecraft:oak_planks":1,"minecraft:stripped_spruce_log":1,"minecraft:stripped_oak_log":1,"minecraft:warped_fence":1},"minecraft:killed":{"minecraft:skeleton":117,"minecraft:chicken":8,"minecraft:iron_golem":19,"minecraft:donkey":4,"minecraft:zombie":46,"minecraft:horse":3,"minecraft:wandering_trader":3,"minecraft:zombified_piglin":1,"minecraft:spider":21,"minecraft:pig":12,"minecraft:zombie_villager":7,"minecraft:strider":2,"minecraft:creeper":26,"minecraft:slime":17,"minecraft:bat":44,"minecraft:villager":205},"minecraft:custom":{"minecraft:interact_with_crafting_table":3,"minecraft:bell_ring":75,"minecraft:eat_cake_slice":1,"minecraft:leave_game":76,"minecraft:time_since_death":613269,"minecraft:deaths":18,"minecraft:jump":41839,"minecraft:interact_with_furnace":2,"minecraft:traded_with_villager":56,"minecraft:sleep_in_bed":140,"minecraft:damage_dealt":82780,"minecraft:horse_one_cm":1446,"minecraft:interact_with_smithing_table":2,"minecraft:interact_with_anvil":9,"minecraft:sneak_time":433971,"minecraft:interact_with_lectern":6,"minecraft:tune_noteblock":79,"minecraft:time_since_rest":478554,"minecraft:swim_one_cm":3778,"minecraft:fly_one_cm":66384279,"minecraft:open_chest":7,"minecraft:fall_one_cm":83756,"minecraft:animals_bred":1,"minecraft:open_shulker_box":97,"minecraft:sprint_one_cm":7294226,"minecraft:drop":192,"minecraft:play_noteblock":138,"minecraft:talked_to_villager":105,"minecraft:walk_on_water_one_cm":58831,"minecraft:play_one_minute":6922765,"minecraft:interact_with_loom":25,"minecraft:interact_with_beacon":10,"minecraft:crouch_one_cm":482067,"minecraft:mob_kills":690,"minecraft:climb_one_cm":15142,"minecraft:walk_one_cm":8404526,"minecraft:walk_under_water_one_cm":10486,"minecraft:pot_flower":3,"minecraft:damage_absorbed":80,"minecraft:damage_taken":11159,"minecraft:minecart_one_cm":2820,"minecraft:pig_one_cm":421,"minecraft:aviate_one_cm":136259329},"minecraft:dropped":{"minecraft:piston":2,"minecraft:elytra":1,"minecraft:item_frame":1,"minecraft:light_weighted_pressure_plate":8,"minecraft:emerald":3,"minecraft:dirt":1,"minecraft:gray_concrete":1,"minecraft:dark_oak_fence":1,"minecraft:polished_blackstone_slab":1,"minecraft:smooth_red_sandstone_slab":1,"minecraft:dark_oak_planks":1,"minecraft:dark_oak_door":3,"minecraft:netherite_sword":8,"minecraft:wheat":1,"minecraft:light_gray_carpet":2,"minecraft:azure_bluet":1,"minecraft:red_mushroom_block":1,"minecraft:sea_lantern":3,"minecraft:quartz_block":1,"minecraft:painting":1,"minecraft:stone_brick_stairs":6,"minecraft:yellow_terracotta":3,"minecraft:book":1,"minecraft:command_block":1,"minecraft:red_stained_glass":1,"minecraft:end_rod":2,"minecraft:warped_trapdoor":2,"minecraft:sponge":1,"minecraft:wooden_axe":5,"minecraft:smooth_sandstone_slab":1,"minecraft:white_banner":2,"minecraft:smooth_sandstone":2,"minecraft:blue_carpet":3,"minecraft:acacia_planks":2,"minecraft:player_head":1,"minecraft:dark_oak_sign":1,"minecraft:smooth_stone_slab":1,"minecraft:blue_concrete":2,"minecraft:name_tag":1,"minecraft:light_gray_concrete":3,"minecraft:white_terracotta":4,"minecraft:end_stone_brick_wall":1,"minecraft:light_blue_concrete":1,"minecraft:diamond_sword":2,"minecraft:hay_block":1,"minecraft:flower_pot":2,"minecraft:blue_banner":1,"minecraft:sandstone":1,"minecraft:red_sand":1,"minecraft:horse_spawn_egg":5,"minecraft:warped_stem":1,"minecraft:dark_oak_stairs":1,"minecraft:red_nether_brick_slab":1,"minecraft:lime_terracotta":1,"minecraft:black_shulker_box":1,"minecraft:black_stained_glass":2,"minecraft:armor_stand":1,"minecraft:gravel":1,"minecraft:yellow_wool":1,"minecraft:mossy_stone_brick_wall":1,"minecraft:acacia_slab":2,"minecraft:iron_bars":2,"minecraft:arrow":1,"minecraft:polished_granite":1,"minecraft:firework_rocket":5,"minecraft:spawner":5,"minecraft:bread":1,"minecraft:minecart":1,"minecraft:yellow_concrete":12,"minecraft:grass_block":6,"minecraft:stick":2,"minecraft:iron_block":1,"minecraft:milk_bucket":1,"minecraft:white_concrete":6,"minecraft:smooth_quartz_slab":1,"minecraft:polished_andesite_stairs":1,"minecraft:redstone_block":1,"minecraft:redstone":1,"minecraft:nether_brick_slab":1,"minecraft:ender_chest":1,"minecraft:villager_spawn_egg":1,"minecraft:stripped_acacia_wood":1,"minecraft:glass_pane":4,"minecraft:flint_and_steel":1,"minecraft:filled_map":1,"minecraft:netherite_block":1,"minecraft:warped_fence":4,"minecraft:quartz_stairs":12,"minecraft:dead_brain_coral_block":1,"minecraft:white_stained_glass":1},"minecraft:killed_by":{"minecraft:slime":1,"minecraft:enderman":3,"minecraft:iron_golem":2},"minecraft:used":{"minecraft:peony":10,"minecraft:nether_brick_fence":36,"minecraft:writable_book":5,"minecraft:polished_granite_stairs":24,"minecraft:cut_red_sandstone_slab":905,"minecraft:smooth_quartz_slab":738,"minecraft:red_sandstone_slab":700,"minecraft:spruce_slab":391,"minecraft:ladder":17,"minecraft:black_carpet":39,"minecraft:chest":1,"minecraft:stone":22,"minecraft:brown_concrete":274,"minecraft:warped_sign":63,"minecraft:red_nether_brick_stairs":22,"minecraft:quartz_stairs":408,"minecraft:chiseled_red_sandstone":9,"minecraft:cocoa_beans":20,"minecraft:skeleton_spawn_egg":195,"minecraft:blue_stained_glass":260,"minecraft:brick_slab":78,"minecraft:jungle_slab":9,"minecraft:snowball":206,"minecraft:azure_bluet":14,"minecraft:stripped_spruce_log":15,"minecraft:jungle_sapling":15,"minecraft:polished_blackstone_slab":71,"minecraft:packed_ice":11,"minecraft:lava_bucket":64,"minecraft:stripped_dark_oak_wood":33,"minecraft:quartz_pillar":90,"minecraft:villager_spawn_egg":335,"minecraft:red_wool":78,"minecraft:black_stained_glass_pane":183,"minecraft:grass_block":1191,"minecraft:orange_shulker_box":42,"minecraft:polished_andesite_stairs":28,"minecraft:quartz_block":213,"minecraft:dark_oak_leaves":864,"minecraft:dark_oak_slab":455,"minecraft:diorite_wall":18,"minecraft:pink_wool":3,"minecraft:stone_brick_stairs":599,"minecraft:blue_banner":141,"minecraft:bow":299,"minecraft:snow":181,"minecraft:yellow_glazed_terracotta":38,"minecraft:oak_sapling":16,"minecraft:furnace":2,"minecraft:acacia_fence":135,"minecraft:egg":51,"minecraft:end_stone_brick_stairs":27,"minecraft:dragon_head":2,"minecraft:dark_prismarine_stairs":25,"minecraft:diorite":157,"minecraft:cow_spawn_egg":1,"minecraft:spruce_door":1,"minecraft:brick_wall":736,"minecraft:stripped_birch_log":6,"minecraft:red_stained_glass":31,"minecraft:powered_rail":7,"minecraft:acacia_trapdoor":168,"minecraft:blackstone_stairs":21,"minecraft:prismarine":3,"minecraft:orange_tulip":1,"minecraft:mossy_stone_brick_stairs":1,"minecraft:composter":3,"minecraft:clay":7,"minecraft:smooth_quartz_stairs":270,"minecraft:oak_leaves":2784,"minecraft:respawn_anchor":3,"minecraft:dark_oak_trapdoor":659,"minecraft:sand":24,"minecraft:cut_sandstone_slab":236,"minecraft:blast_furnace":5,"minecraft:smooth_red_sandstone":1396,"minecraft:acacia_leaves":132,"minecraft:gray_concrete":158,"minecraft:red_sandstone_wall":91,"minecraft:birch_fence":157,"minecraft:enderman_spawn_egg":15,"minecraft:birch_slab":94,"minecraft:cyan_carpet":3,"minecraft:stone_button":82,"minecraft:lectern":18,"minecraft:white_glazed_terracotta":6,"minecraft:red_terracotta":415,"minecraft:polished_granite":106,"minecraft:cut_red_sandstone":26,"minecraft:lilac":2,"minecraft:polished_andesite_slab":280,"minecraft:soul_lantern":7,"minecraft:diamond_sword":9,"minecraft:smithing_table":6,"minecraft:dark_oak_fence":225,"minecraft:white_stained_glass":27,"minecraft:birch_log":56,"minecraft:ice":4,"minecraft:oak_boat":17,"minecraft:diorite_slab":44,"minecraft:gray_stained_glass":16,"minecraft:diorite_stairs":35,"minecraft:oak_trapdoor":16,"minecraft:stripped_acacia_wood":19,"minecraft:polished_blackstone_brick_slab":80,"minecraft:iron_bars":544,"minecraft:acacia_log":36,"minecraft:orange_concrete":1,"minecraft:carved_pumpkin":52,"minecraft:armor_stand":18,"minecraft:red_concrete":621,"minecraft:light_gray_carpet":127,"minecraft:wither_skeleton_spawn_egg":7,"minecraft:sandstone_wall":223,"minecraft:bee_spawn_egg":3,"minecraft:orange_stained_glass":34,"minecraft:torch":22,"minecraft:brewing_stand":4,"minecraft:anvil":6,"minecraft:target":1,"minecraft:twisting_vines":6,"minecraft:stone_stairs":7,"minecraft:nether_brick_slab":262,"minecraft:yellow_carpet":573,"minecraft:dead_brain_coral_block":131,"minecraft:blue_concrete":3290,"minecraft:nether_brick_stairs":7,"minecraft:polished_diorite":289,"minecraft:sea_lantern":284,"minecraft:iron_block":2194,"minecraft:light_weighted_pressure_plate":7,"minecraft:brick_stairs":21,"minecraft:warped_fence":2193,"minecraft:jungle_log":42,"minecraft:spawner":9,"minecraft:smooth_quartz":578,"minecraft:totem_of_undying":2,"minecraft:barrel":6,"minecraft:basalt":2,"minecraft:tripwire_hook":64,"minecraft:lime_concrete":58,"minecraft:iron_trapdoor":11,"minecraft:podzol":46,"minecraft:acacia_planks":4279,"minecraft:orange_terracotta":1944,"minecraft:command_block_minecart":1,"minecraft:crimson_stem":4,"minecraft:water_bucket":355,"minecraft:yellow_banner":6,"minecraft:warped_stem":74,"minecraft:nether_brick_wall":153,"minecraft:prismarine_brick_slab":159,"minecraft:birch_planks":742,"minecraft:yellow_shulker_box":105,"minecraft:cartography_table":4,"minecraft:smooth_sandstone_slab":222,"minecraft:red_mushroom_block":1,"minecraft:blue_concrete_powder":295,"minecraft:cauldron":68,"minecraft:fletching_table":3,"minecraft:sheep_spawn_egg":1,"minecraft:horse_spawn_egg":3,"minecraft:polished_blackstone_bricks":67,"minecraft:pink_concrete":40,"minecraft:mossy_cobblestone":5,"minecraft:lime_terracotta":44,"minecraft:rail":53,"minecraft:vine":30,"minecraft:crafting_table":5,"minecraft:oak_slab":9,"minecraft:cyan_glazed_terracotta":201,"minecraft:crimson_trapdoor":16,"minecraft:red_bed":3,"minecraft:birch_sign":19,"minecraft:campfire":17,"minecraft:cake":31,"minecraft:spruce_log":33,"minecraft:bat_spawn_egg":1,"minecraft:oak_log":44,"minecraft:dark_prismarine":4,"minecraft:cornflower":2,"minecraft:warped_trapdoor":91,"minecraft:diamond_shovel":1,"minecraft:acacia_sign":1,"minecraft:stripped_jungle_log":45,"minecraft:pig_spawn_egg":5,"minecraft:spruce_trapdoor":28,"minecraft:spruce_sapling":7,"minecraft:blue_carpet":1104,"minecraft:green_carpet":25,"minecraft:cobblestone":93,"minecraft:purple_bed":2,"minecraft:warped_fence_gate":24,"minecraft:andesite_stairs":8,"minecraft:glass_pane":1577,"minecraft:end_portal_frame":1,"minecraft:stripped_oak_log":2,"minecraft:brown_mushroom_block":439,"minecraft:green_stained_glass":6,"minecraft:light_blue_stained_glass_pane":4,"minecraft:blue_terracotta":15,"minecraft:red_sand":2,"minecraft:bone_block":4,"minecraft:oak_sign":2,"minecraft:white_concrete_powder":3,"minecraft:donkey_spawn_egg":4,"minecraft:white_terracotta":431,"minecraft:zombie_spawn_egg":67,"minecraft:bell":6,"minecraft:grass":12,"minecraft:player_head":14,"minecraft:smooth_sandstone_stairs":21,"minecraft:green_terracotta":118,"minecraft:spruce_leaves":46,"minecraft:jungle_planks":35,"minecraft:prismarine_brick_stairs":61,"minecraft:beehive":34,"minecraft:cyan_wool":6,"minecraft:milk_bucket":59,"minecraft:glass":154,"minecraft:bricks":122,"minecraft:quartz_slab":262,"minecraft:lantern":24,"minecraft:green_wool":22,"minecraft:polished_blackstone_brick_wall":1,"minecraft:dark_oak_wood":70,"minecraft:gray_concrete_powder":5,"minecraft:mossy_cobblestone_slab":44,"minecraft:stone_bricks":607,"minecraft:item_frame":132,"minecraft:bedrock":26,"minecraft:birch_button":1,"minecraft:birch_trapdoor":3,"minecraft:red_carpet":75,"minecraft:repeater":1,"minecraft:redstone_lamp":3,"minecraft:red_nether_brick_wall":253,"minecraft:brown_carpet":39,"minecraft:hay_block":28,"minecraft:scaffolding":288,"minecraft:blue_shulker_box":9,"minecraft:polished_diorite_stairs":5,"minecraft:skeleton_skull":34,"minecraft:pink_concrete_powder":3,"minecraft:polished_blackstone_stairs":12,"minecraft:large_fern":7,"minecraft:zoglin_spawn_egg":119,"minecraft:dark_oak_sapling":5,"minecraft:dark_oak_stairs":337,"minecraft:end_rod":691,"minecraft:stripped_acacia_log":152,"minecraft:wither_skeleton_skull":4,"minecraft:witch_spawn_egg":9,"minecraft:birch_leaves":12,"minecraft:gray_carpet":53,"minecraft:dark_oak_sign":156,"minecraft:oak_planks":82,"minecraft:polished_diorite_slab":129,"minecraft:ender_pearl":116,"minecraft:sandstone":8,"minecraft:redstone_block":27,"minecraft:end_stone_brick_slab":1,"minecraft:blue_bed":1,"minecraft:white_wool":200,"minecraft:yellow_terracotta":325,"minecraft:light_blue_concrete":35,"minecraft:loom":6,"minecraft:light_blue_wool":81,"minecraft:black_banner":4,"minecraft:light_gray_terracotta":1175,"minecraft:yellow_concrete":4076,"minecraft:sponge":77,"minecraft:blackstone_wall":27,"minecraft:note_block":12,"minecraft:stone_brick_wall":56,"minecraft:shulker_spawn_egg":3,"minecraft:black_bed":66,"minecraft:end_stone":20,"minecraft:redstone_torch":14,"minecraft:black_terracotta":2,"minecraft:lever":18,"minecraft:green_concrete":172,"minecraft:black_concrete":462,"minecraft:firework_rocket":2156,"minecraft:daylight_detector":12,"minecraft:acacia_door":4,"minecraft:dark_oak_log":37,"minecraft:light_gray_concrete":1355,"minecraft:heavy_weighted_pressure_plate":11,"minecraft:bread":3,"minecraft:brown_wool":16,"minecraft:string":224,"minecraft:warped_slab":261,"minecraft:iron_door":25,"minecraft:prismarine_wall":55,"minecraft:gravel":66,"minecraft:stripped_warped_hyphae":3,"minecraft:jungle_sign":1,"minecraft:smooth_red_sandstone_slab":117,"minecraft:stripped_oak_wood":185,"minecraft:crimson_door":33,"minecraft:chain":14,"minecraft:mossy_cobblestone_wall":19,"minecraft:smooth_stone_slab":1540,"minecraft:white_concrete":3178,"minecraft:coarse_dirt":50,"minecraft:bone_meal":446,"minecraft:cobweb":68,"minecraft:oak_fence":36,"minecraft:netherite_sword":1449,"minecraft:petrified_oak_slab":78,"minecraft:trident":117,"minecraft:jungle_leaves":182,"minecraft:rose_bush":2,"minecraft:flint_and_steel":277,"minecraft:white_tulip":15,"minecraft:redstone":5,"minecraft:zombie_villager_spawn_egg":5,"minecraft:light_blue_terracotta":26,"minecraft:spruce_planks":50,"minecraft:ender_chest":3,"minecraft:stripped_birch_wood":38,"minecraft:end_stone_brick_wall":94,"minecraft:dirt":223,"minecraft:red_nether_brick_slab":540,"minecraft:white_carpet":3,"minecraft:hopper":8,"minecraft:prismarine_bricks":189,"minecraft:spruce_stairs":260,"minecraft:cobblestone_wall":16,"minecraft:warped_door":5,"minecraft:oak_wood":147,"minecraft:bee_nest":5,"minecraft:granite":7,"minecraft:birch_door":3,"minecraft:dark_oak_planks":735,"minecraft:stone_brick_slab":451,"minecraft:brown_terracotta":548,"minecraft:wooden_axe":3,"minecraft:bookshelf":159,"minecraft:red_tulip":17,"minecraft:yellow_stained_glass":673,"minecraft:oak_stairs":55,"minecraft:smooth_sandstone":4069,"minecraft:acacia_slab":3508,"minecraft:crimson_slab":23,"minecraft:polished_blackstone_brick_stairs":267,"minecraft:yellow_concrete_powder":25,"minecraft:light_gray_wool":15,"minecraft:black_stained_glass":229,"minecraft:lime_stained_glass":95,"minecraft:minecart":2,"minecraft:infested_cobblestone":8,"minecraft:granite_wall":20,"minecraft:dead_bubble_coral_block":9,"minecraft:zombified_piglin_spawn_egg":1,"minecraft:mossy_stone_brick_wall":22,"minecraft:pink_tulip":9,"minecraft:polished_andesite":235,"minecraft:red_nether_bricks":79,"minecraft:blue_wool":85,"minecraft:andesite_slab":5,"minecraft:black_shulker_box":116,"minecraft:cut_sandstone":861,"minecraft:spruce_sign":17,"minecraft:beacon":109,"minecraft:stonecutter":2,"minecraft:cobblestone_slab":80,"minecraft:polished_blackstone_pressure_plate":4,"minecraft:stripped_dark_oak_log":177,"minecraft:dark_prismarine_slab":25,"minecraft:strider_spawn_egg":2,"minecraft:painting":466,"minecraft:smooth_red_sandstone_stairs":24,"minecraft:warped_planks":394,"minecraft:smoker":2,"minecraft:dark_oak_door":174,"minecraft:nether_gold_ore":1,"minecraft:gray_terracotta":256,"minecraft:piston":20,"minecraft:netherite_block":595,"minecraft:flower_pot":22,"minecraft:acacia_stairs":721,"minecraft:black_wool":90,"minecraft:command_block":5,"minecraft:map":8,"minecraft:jungle_stairs":8,"minecraft:stone_slab":558,"minecraft:yellow_wool":83,"minecraft:acacia_fence_gate":18,"minecraft:cyan_stained_glass_pane":5,"minecraft:white_banner":85,"minecraft:lapis_block":205,"minecraft:red_banner":60,"minecraft:bucket":103,"minecraft:grass_path":3,"minecraft:polished_blackstone_button":59,"minecraft:gray_wool":8,"minecraft:smooth_stone":247,"minecraft:splash_potion":1111,"minecraft:pillager_spawn_egg":2,"minecraft:soul_torch":2},"minecraft:picked_up":{"minecraft:wooden_axe":21,"minecraft:iron_chestplate":4,"minecraft:anvil":1,"minecraft:flower_pot":2,"minecraft:lead":14,"minecraft:diamond_sword":4,"minecraft:golden_sword":2,"minecraft:blue_concrete":13,"minecraft:polished_blackstone_brick_stairs":2,"minecraft:string":154,"minecraft:red_nether_bricks":4,"minecraft:diamond_leggings":1,"minecraft:spruce_planks":1,"minecraft:dark_oak_door":19,"minecraft:golden_helmet":4,"minecraft:beehive":1,"minecraft:mojang_banner_pattern":2,"minecraft:acacia_log":1,"minecraft:sandstone_wall":4,"minecraft:golden_chestplate":6,"minecraft:cauldron":3,"minecraft:brown_carpet":6,"minecraft:black_dye":256,"minecraft:stone_sword":2,"minecraft:command_block":3,"minecraft:iron_block":2,"minecraft:blue_dye":59,"minecraft:end_rod":5,"minecraft:white_terracotta":3,"minecraft:iron_bars":5,"minecraft:sponge":1,"minecraft:feather":11,"minecraft:iron_door":3,"minecraft:gray_concrete":1,"minecraft:lantern":4,"minecraft:dark_oak_sign":11,"minecraft:diamond_helmet":1,"minecraft:glowstone_dust":2,"minecraft:sheep_spawn_egg":1,"minecraft:lime_terracotta":1,"minecraft:stripped_acacia_wood":1,"minecraft:stripped_spruce_log":5,"minecraft:brown_mushroom_block":1,"minecraft:crimson_door":1,"minecraft:acacia_stairs":1,"minecraft:red_terracotta":7,"minecraft:netherite_block":4,"minecraft:stripped_acacia_log":1,"minecraft:green_concrete":4,"minecraft:lever":2,"minecraft:writable_book":1,"minecraft:dead_brain_coral_block":1,"minecraft:horse_spawn_egg":5,"minecraft:bread":1,"minecraft:blue_banner":10,"minecraft:light_gray_carpet":6,"minecraft:bricks":1,"minecraft:bee_nest":1,"minecraft:coarse_dirt":1,"minecraft:leather_leggings":1,"minecraft:dragon_head":1,"minecraft:heavy_weighted_pressure_plate":1,"minecraft:cornflower":5,"minecraft:elytra":11,"minecraft:flint_and_steel":1,"minecraft:snow":1,"minecraft:compass":1,"minecraft:white_stained_glass":1,"minecraft:glass_pane":6,"minecraft:netherite_sword":22,"minecraft:jungle_sapling":3,"minecraft:poppy":48,"minecraft:chest":1,"minecraft:quartz_stairs":12,"minecraft:piston":2,"minecraft:egg":32,"minecraft:black_stained_glass":2,"minecraft:cut_red_sandstone_slab":4,"minecraft:redstone":1,"minecraft:blue_carpet":220,"minecraft:diamond_chestplate":1,"minecraft:peony":3,"minecraft:shears":1,"minecraft:diamond_boots":1,"minecraft:hay_block":1,"minecraft:yellow_terracotta":3,"minecraft:warped_sign":21,"minecraft:totem_of_undying":1,"minecraft:tube_coral_block":16,"minecraft:rail":3,"minecraft:white_wool":8,"minecraft:oxeye_daisy":5,"minecraft:stripped_oak_log":5,"minecraft:clock":1,"minecraft:tripwire_hook":5,"minecraft:filled_map":5,"minecraft:golden_boots":5,"minecraft:paper":3,"minecraft:white_banner":3,"minecraft:spawner":5,"minecraft:warped_stem":1,"minecraft:apple":17,"minecraft:yellow_stained_glass":1,"minecraft:iron_sword":2,"minecraft:dark_oak_stairs":1,"minecraft:polished_andesite_stairs":1,"minecraft:milk_bucket":7,"minecraft:dark_oak_slab":2,"minecraft:yellow_concrete":16,"minecraft:red_wool":1,"minecraft:lime_concrete":6,"minecraft:spruce_sapling":1,"minecraft:sea_lantern":3,"minecraft:firework_rocket":274,"minecraft:red_stained_glass":1,"minecraft:slime_ball":14,"minecraft:painting":89,"minecraft:birch_sign":1,"minecraft:red_nether_brick_slab":1,"minecraft:smooth_quartz_slab":2,"minecraft:shulker_shell":1,"minecraft:wheat":1,"minecraft:ender_chest":1,"minecraft:redstone_block":3,"minecraft:yellow_wool":4,"minecraft:stone_brick_stairs":7,"minecraft:lapis_block":4,"minecraft:armor_stand":1,"minecraft:smooth_stone_slab":3,"minecraft:iron_leggings":12,"minecraft:smooth_stone":2,"minecraft:light_weighted_pressure_plate":8,"minecraft:rose_bush":2,"minecraft:redstone_torch":1,"minecraft:smooth_quartz":5,"minecraft:smooth_quartz_stairs":256,"minecraft:iron_boots":4,"minecraft:stick":125,"minecraft:birch_trapdoor":1,"minecraft:brown_terracotta":4,"minecraft:torch":4,"minecraft:porkchop":2,"minecraft:target":1,"minecraft:villager_spawn_egg":4,"minecraft:diorite":1,"minecraft:blue_stained_glass":2,"minecraft:quartz_block":2,"minecraft:rotten_flesh":329,"minecraft:leather_chestplate":1,"minecraft:black_bed":5,"minecraft:golden_leggings":3,"minecraft:beacon":1,"minecraft:warped_trapdoor":2,"minecraft:prismarine_bricks":4,"minecraft:stripped_birch_log":1,"minecraft:dirt":2,"minecraft:polished_granite":2,"minecraft:name_tag":3,"minecraft:leather_boots":1,"minecraft:bone":150,"minecraft:acacia_planks":8,"minecraft:bow":14,"minecraft:wheat_seeds":56,"minecraft:powered_rail":2,"minecraft:oak_planks":3,"minecraft:mossy_stone_brick_stairs":2,"minecraft:cooked_porkchop":23,"minecraft:pig_spawn_egg":2,"minecraft:polished_blackstone_slab":1,"minecraft:sand":5,"minecraft:grass_block":12,"minecraft:dark_prismarine_slab":1,"minecraft:light_gray_concrete":4,"minecraft:skeleton_spawn_egg":2,"minecraft:light_gray_terracotta":3,"minecraft:yellow_carpet":83,"minecraft:black_concrete":1,"minecraft:polished_blackstone_button":6,"minecraft:bone_meal":9,"minecraft:white_concrete":8,"minecraft:spruce_sign":4,"minecraft:emerald":115,"minecraft:oak_sapling":95,"minecraft:oak_leaves":8,"minecraft:firework_star":4,"minecraft:azure_bluet":12,"minecraft:splash_potion":16,"minecraft:chicken":2,"minecraft:ladder":2,"minecraft:end_stone_brick_wall":1,"minecraft:wooden_sword":2,"minecraft:large_fern":4,"minecraft:quartz_slab":4,"minecraft:item_frame":32,"minecraft:warped_fence":9,"minecraft:dark_prismarine_stairs":2,"minecraft:player_head":2,"minecraft:dark_oak_sapling":31,"minecraft:orange_dye":72,"minecraft:note_block":14,"minecraft:quartz_pillar":2,"minecraft:stone_button":14,"minecraft:trident":1,"minecraft:dark_oak_planks":6,"minecraft:smooth_sandstone_slab":1,"minecraft:blue_concrete_powder":3,"minecraft:arrow":156,"minecraft:pink_tulip":17,"minecraft:saddle":4,"minecraft:black_banner":19,"minecraft:skeleton_skull":1,"minecraft:leather":7,"minecraft:cut_sandstone":3,"minecraft:birch_planks":2,"minecraft:gunpowder":30,"minecraft:orange_terracotta":7,"minecraft:smooth_sandstone":6,"minecraft:red_carpet":23,"minecraft:gray_carpet":2,"minecraft:acacia_trapdoor":3,"minecraft:iron_ingot":289,"minecraft:cooked_chicken":10,"minecraft:stripped_oak_wood":2,"minecraft:mossy_stone_brick_wall":1,"minecraft:acacia_sapling":49,"minecraft:book":130,"minecraft:scaffolding":236,"minecraft:pumpkin":8,"minecraft:dandelion":11,"minecraft:nether_brick_slab":5,"minecraft:green_carpet":1,"minecraft:spider_eye":6,"minecraft:prismarine_wall":1,"minecraft:iron_helmet":4,"minecraft:acacia_slab":2}},"DataVersion":2567}