{"stats":{"minecraft:dropped":{"minecraft:gold_ingot":175},"minecraft:killed":{"minecraft:skeleton":1,"minecraft:blaze":2,"minecraft:enderman":1},"minecraft:used":{"minecraft:enderman_spawn_egg":3,"minecraft:wooden_axe":1,"minecraft:water_bucket":1,"minecraft:mace":3,"minecraft:orange_concrete":10,"minecraft:command_block":3,"minecraft:netherite_axe":2,"minecraft:player_head":2,"minecraft:netherrack":49,"minecraft:bedrock":2,"minecraft:diamond_block":409,"minecraft:cobblestone":2,"minecraft:piglin_spawn_egg":12,"minecraft:acacia_sapling":1,"minecraft:splash_potion":4},"minecraft:mined":{"minecraft:acacia_sapling":1,"minecraft:short_grass":2,"minecraft:tall_grass":1},"minecraft:picked_up":{"minecraft:splash_potion":1,"minecraft:chicken":1,"minecraft:leather":14,"minecraft:dandelion":1,"minecraft:torch":1,"minecraft:quartz":29,"minecraft:gravel":60,"minecraft:fire_charge":7,"minecraft:potion":2,"minecraft:nether_brick":29,"minecraft:diamond_block":1454,"minecraft:crying_obsidian":3,"minecraft:spectral_arrow":36,"minecraft:string":31,"minecraft:netherite_block":64,"minecraft:orange_concrete":54,"minecraft:arrow":2,"minecraft:blackstone":63,"minecraft:wheat_seeds":3,"minecraft:gold_ingot":73,"minecraft:blaze_rod":1,"minecraft:warped_nylium":1,"minecraft:obsidian":6,"minecraft:soul_sand":19,"minecraft:acacia_sapling":65,"minecraft:iron_boots":1,"minecraft:ender_pearl":8},"minecraft:custom":{"minecraft:time_since_rest":81132,"minecraft:sprint_one_cm":200959,"minecraft:damage_taken":1340,"minecraft:walk_one_cm":59990,"minecraft:mob_kills":4,"minecraft:drop":121,"minecraft:damage_dealt":888,"minecraft:fly_one_cm":923568,"minecraft:open_chest":1,"minecraft:crouch_one_cm":8630,"minecraft:play_time":111600,"minecraft:deaths":2,"minecraft:sneak_time":2098,"minecraft:jump":1817,"minecraft:leave_game":8,"minecraft:walk_on_water_one_cm":76,"minecraft:time_since_death":81099,"minecraft:total_world_time":111600,"minecraft:fall_one_cm":45912}},"DataVersion":3953}