{"stats":{"minecraft:dropped":{"minecraft:stripped_spruce_log":64,"minecraft:diamond_block":1,"minecraft:player_head":128,"minecraft:stripped_jungle_wood":128,"minecraft:light":64,"minecraft:gold_ingot":175},"minecraft:killed":{"minecraft:skeleton":1,"minecraft:blaze":2,"minecraft:enderman":1},"minecraft:killed_by":{"minecraft:player":2},"minecraft:used":{"minecraft:deepslate_brick_wall":3,"minecraft:water_bucket":1,"minecraft:weathered_copper_bulb":36,"minecraft:orange_concrete":10,"minecraft:wither_skeleton_skull":1,"minecraft:mangrove_planks":5,"minecraft:light_blue_terracotta":6,"minecraft:spruce_planks":30,"minecraft:cherry_planks":7,"minecraft:creeper_head":1,"minecraft:stripped_jungle_wood":2,"minecraft:player_head":6,"minecraft:netherrack":49,"minecraft:smooth_quartz_stairs":21,"minecraft:white_wool":3,"minecraft:diamond_block":484,"minecraft:dirt":2,"minecraft:acacia_sapling":1,"minecraft:piglin_head":1,"minecraft:deepslate_brick_stairs":52,"minecraft:stripped_spruce_log":5,"minecraft:enderman_spawn_egg":3,"minecraft:wooden_axe":1,"minecraft:light":9,"minecraft:sea_lantern":11,"minecraft:lava_bucket":2,"minecraft:mangrove_log":1,"minecraft:mace":3,"minecraft:oxidized_copper_grate":2,"minecraft:command_block":5,"minecraft:light_gray_concrete":33,"minecraft:netherite_axe":2,"minecraft:cherry_sign":1,"minecraft:dark_oak_button":1,"minecraft:acacia_chest_boat":1,"minecraft:mud_bricks":28,"minecraft:bedrock":6,"minecraft:reinforced_deepslate":11,"minecraft:cobblestone":2,"minecraft:gold_block":1,"minecraft:waxed_oxidized_copper_bulb":34,"minecraft:piglin_spawn_egg":12,"minecraft:polished_blackstone_button":4,"minecraft:skeleton_skull":1,"minecraft:white_concrete":33,"minecraft:splash_potion":4,"minecraft:trial_spawner":24},"minecraft:mined":{"minecraft:short_grass":2,"minecraft:grass_block":3,"minecraft:tall_grass":1,"minecraft:acacia_sapling":1,"minecraft:dirt":1,"minecraft:player_head":1},"minecraft:picked_up":{"minecraft:dark_oak_button":1,"minecraft:splash_potion":1,"minecraft:chicken":1,"minecraft:creeper_head":1,"minecraft:leather":14,"minecraft:potion":2,"minecraft:nether_brick":29,"minecraft:light":64,"minecraft:wither_skeleton_skull":1,"minecraft:string":31,"minecraft:dirt":4,"minecraft:orange_concrete":54,"minecraft:piglin_head":1,"minecraft:zombie_head":1,"minecraft:blackstone":63,"minecraft:wheat_seeds":4,"minecraft:reinforced_deepslate":1,"minecraft:player_head":66,"minecraft:acacia_sapling":65,"minecraft:smooth_quartz_stairs":3,"minecraft:soul_sand":19,"minecraft:mangrove_log":1,"minecraft:iron_boots":1,"minecraft:weathered_copper_bulb":1,"minecraft:waxed_oxidized_copper_bulb":1,"minecraft:dandelion":1,"minecraft:quartz":29,"minecraft:torch":1,"minecraft:trial_spawner":1,"minecraft:gravel":60,"minecraft:lava_bucket":1,"minecraft:fire_charge":7,"minecraft:stripped_spruce_log":128,"minecraft:diamond_block":1454,"minecraft:crying_obsidian":3,"minecraft:spectral_arrow":36,"minecraft:netherite_block":64,"minecraft:light_gray_concrete":1,"minecraft:arrow":2,"minecraft:light_blue_terracotta":1,"minecraft:stripped_jungle_wood":192,"minecraft:gold_ingot":73,"minecraft:white_concrete":1,"minecraft:acacia_chest_boat":1,"minecraft:blaze_rod":1,"minecraft:deepslate_brick_stairs":1,"minecraft:warped_nylium":1,"minecraft:obsidian":6,"minecraft:skeleton_skull":1,"minecraft:ender_pearl":8},"minecraft:custom":{"minecraft:mob_kills":4,"minecraft:leave_game":23,"minecraft:time_since_death":523,"minecraft:time_since_rest":549,"minecraft:sprint_one_cm":310627,"minecraft:damage_taken":6036,"minecraft:walk_one_cm":176189,"minecraft:drop":128,"minecraft:damage_dealt":928,"minecraft:swim_one_cm":4616,"minecraft:fly_one_cm":1200243,"minecraft:open_chest":1,"minecraft:crouch_one_cm":11232,"minecraft:play_time":187281,"minecraft:deaths":9,"minecraft:sneak_time":2712,"minecraft:walk_under_water_one_cm":1380,"minecraft:boat_one_cm":15004,"minecraft:jump":2932,"minecraft:walk_on_water_one_cm":3788,"minecraft:total_world_time":187281,"minecraft:fall_one_cm":132203}},"DataVersion":3953}