{"stats":{"minecraft:dropped":{"minecraft:stripped_spruce_log":64,"minecraft:diamond_block":1,"minecraft:stripped_jungle_wood":128,"minecraft:gold_ingot":175},"minecraft:killed":{"minecraft:skeleton":1,"minecraft:enderman":1,"minecraft:blaze":2},"minecraft:killed_by":{"minecraft:player":1},"minecraft:used":{"minecraft:deepslate_brick_wall":3,"minecraft:water_bucket":1,"minecraft:weathered_copper_bulb":28,"minecraft:orange_concrete":10,"minecraft:mangrove_planks":5,"minecraft:spruce_planks":30,"minecraft:cherry_planks":7,"minecraft:stripped_jungle_wood":2,"minecraft:player_head":2,"minecraft:netherrack":49,"minecraft:smooth_quartz_stairs":21,"minecraft:white_wool":3,"minecraft:diamond_block":484,"minecraft:dirt":2,"minecraft:acacia_sapling":1,"minecraft:stripped_spruce_log":3,"minecraft:deepslate_brick_stairs":46,"minecraft:enderman_spawn_egg":3,"minecraft:wooden_axe":1,"minecraft:sea_lantern":11,"minecraft:lava_bucket":2,"minecraft:mangrove_log":1,"minecraft:oxidized_copper_grate":2,"minecraft:mace":3,"minecraft:command_block":3,"minecraft:light_gray_concrete":33,"minecraft:netherite_axe":2,"minecraft:acacia_chest_boat":1,"minecraft:mud_bricks":28,"minecraft:bedrock":6,"minecraft:reinforced_deepslate":10,"minecraft:cobblestone":2,"minecraft:piglin_spawn_egg":12,"minecraft:polished_blackstone_button":4,"minecraft:gold_block":1,"minecraft:waxed_oxidized_copper_bulb":11,"minecraft:white_concrete":31,"minecraft:splash_potion":4},"minecraft:mined":{"minecraft:short_grass":2,"minecraft:grass_block":3,"minecraft:tall_grass":1,"minecraft:acacia_sapling":1,"minecraft:dirt":1},"minecraft:picked_up":{"minecraft:splash_potion":1,"minecraft:chicken":1,"minecraft:leather":14,"minecraft:potion":2,"minecraft:nether_brick":29,"minecraft:string":31,"minecraft:dirt":4,"minecraft:orange_concrete":54,"minecraft:blackstone":63,"minecraft:wheat_seeds":4,"minecraft:acacia_sapling":65,"minecraft:soul_sand":19,"minecraft:mangrove_log":1,"minecraft:iron_boots":1,"minecraft:dandelion":1,"minecraft:quartz":29,"minecraft:torch":1,"minecraft:gravel":60,"minecraft:lava_bucket":1,"minecraft:fire_charge":7,"minecraft:stripped_spruce_log":128,"minecraft:diamond_block":1454,"minecraft:crying_obsidian":3,"minecraft:spectral_arrow":36,"minecraft:netherite_block":64,"minecraft:arrow":2,"minecraft:stripped_jungle_wood":192,"minecraft:gold_ingot":73,"minecraft:acacia_chest_boat":1,"minecraft:blaze_rod":1,"minecraft:obsidian":6,"minecraft:warped_nylium":1,"minecraft:ender_pearl":8},"minecraft:custom":{"minecraft:mob_kills":4,"minecraft:leave_game":18,"minecraft:time_since_death":10865,"minecraft:time_since_rest":10899,"minecraft:sprint_one_cm":276130,"minecraft:damage_taken":3928,"minecraft:walk_one_cm":125612,"minecraft:drop":125,"minecraft:damage_dealt":928,"minecraft:swim_one_cm":4616,"minecraft:fly_one_cm":1135598,"minecraft:open_chest":1,"minecraft:crouch_one_cm":9482,"minecraft:play_time":163919,"minecraft:deaths":6,"minecraft:sneak_time":2355,"minecraft:walk_under_water_one_cm":1380,"minecraft:boat_one_cm":15004,"minecraft:jump":2652,"minecraft:walk_on_water_one_cm":3788,"minecraft:total_world_time":163919,"minecraft:fall_one_cm":104245}},"DataVersion":3953}