{"stats":{"minecraft:picked_up":{"minecraft:chicken":1,"minecraft:diamond_block":1390,"minecraft:acacia_sapling":1,"minecraft:wheat_seeds":1,"minecraft:dandelion":1},"minecraft:used":{"minecraft:acacia_sapling":1,"minecraft:diamond_block":196},"minecraft:custom":{"minecraft:jump":528,"minecraft:time_since_rest":17367,"minecraft:leave_game":1,"minecraft:damage_dealt":35,"minecraft:crouch_one_cm":6553,"minecraft:deaths":1,"minecraft:sprint_one_cm":59520,"minecraft:play_time":19574,"minecraft:damage_taken":850,"minecraft:time_since_death":17338,"minecraft:walk_one_cm":23166,"minecraft:sneak_time":1043,"minecraft:total_world_time":19574,"minecraft:fall_one_cm":28614,"minecraft:fly_one_cm":123938},"minecraft:mined":{"minecraft:acacia_sapling":1}},"DataVersion":3953}