{"stats":{"minecraft:custom":{"minecraft:time_since_rest":26789,"minecraft:crouch_one_cm":6553,"minecraft:play_time":57257,"minecraft:sprint_one_cm":101457,"minecraft:deaths":2,"minecraft:damage_taken":1340,"minecraft:walk_one_cm":31213,"minecraft:sneak_time":1141,"minecraft:jump":941,"minecraft:damage_dealt":35,"minecraft:leave_game":5,"minecraft:time_since_death":26756,"minecraft:total_world_time":57257,"minecraft:fall_one_cm":45912,"minecraft:fly_one_cm":239451},"minecraft:mined":{"minecraft:short_grass":2,"minecraft:acacia_sapling":1,"minecraft:tall_grass":1},"minecraft:picked_up":{"minecraft:netherite_block":64,"minecraft:orange_concrete":54,"minecraft:chicken":1,"minecraft:wheat_seeds":2,"minecraft:dandelion":1,"minecraft:diamond_block":1454,"minecraft:acacia_sapling":65},"minecraft:used":{"minecraft:bedrock":2,"minecraft:diamond_block":202,"minecraft:orange_concrete":10,"minecraft:command_block":3,"minecraft:acacia_sapling":1}},"DataVersion":3953}