{"stats":{"minecraft:custom":{"minecraft:time_since_rest":38789,"minecraft:sprint_one_cm":118226,"minecraft:damage_taken":1340,"minecraft:walk_one_cm":41446,"minecraft:drop":88,"minecraft:damage_dealt":53,"minecraft:fly_one_cm":351851,"minecraft:crouch_one_cm":7830,"minecraft:play_time":69257,"minecraft:deaths":2,"minecraft:sneak_time":1473,"minecraft:jump":1039,"minecraft:leave_game":5,"minecraft:time_since_death":38756,"minecraft:total_world_time":69257,"minecraft:fall_one_cm":45912},"minecraft:mined":{"minecraft:acacia_sapling":1,"minecraft:short_grass":2,"minecraft:tall_grass":1},"minecraft:picked_up":{"minecraft:splash_potion":1,"minecraft:chicken":1,"minecraft:dandelion":1,"minecraft:leather":7,"minecraft:quartz":19,"minecraft:gravel":45,"minecraft:fire_charge":5,"minecraft:potion":1,"minecraft:nether_brick":17,"minecraft:diamond_block":1454,"minecraft:crying_obsidian":3,"minecraft:spectral_arrow":20,"minecraft:string":22,"minecraft:netherite_block":64,"minecraft:orange_concrete":54,"minecraft:blackstone":35,"minecraft:wheat_seeds":2,"minecraft:gold_ingot":23,"minecraft:obsidian":5,"minecraft:acacia_sapling":65,"minecraft:soul_sand":14,"minecraft:ender_pearl":8},"minecraft:dropped":{"minecraft:gold_ingot":88},"minecraft:used":{"minecraft:orange_concrete":10,"minecraft:command_block":3,"minecraft:netherrack":49,"minecraft:bedrock":2,"minecraft:diamond_block":202,"minecraft:piglin_spawn_egg":12,"minecraft:acacia_sapling":1}},"DataVersion":3953}