{"stats":{"minecraft:mined":{"minecraft:short_grass":2,"minecraft:acacia_sapling":1,"minecraft:tall_grass":1},"minecraft:custom":{"minecraft:time_since_rest":4413,"minecraft:crouch_one_cm":6553,"minecraft:play_time":34881,"minecraft:sprint_one_cm":95358,"minecraft:deaths":2,"minecraft:damage_taken":1340,"minecraft:walk_one_cm":29577,"minecraft:sneak_time":1043,"minecraft:jump":864,"minecraft:damage_dealt":35,"minecraft:leave_game":3,"minecraft:time_since_death":4380,"minecraft:total_world_time":34881,"minecraft:fall_one_cm":45703,"minecraft:fly_one_cm":197176},"minecraft:picked_up":{"minecraft:netherite_block":64,"minecraft:orange_concrete":54,"minecraft:chicken":1,"minecraft:wheat_seeds":2,"minecraft:dandelion":1,"minecraft:diamond_block":1454,"minecraft:acacia_sapling":65},"minecraft:used":{"minecraft:diamond_block":202,"minecraft:orange_concrete":10,"minecraft:acacia_sapling":1}},"DataVersion":3953}