{"stats":{"minecraft:dropped":{"minecraft:stripped_spruce_log":64,"minecraft:diamond_block":1,"minecraft:player_head":130,"minecraft:stripped_jungle_wood":128,"minecraft:netherite_chestplate":1,"minecraft:piglin_head":1,"minecraft:wind_charge":832,"minecraft:netherite_leggings":1,"minecraft:light":64,"minecraft:mace":1,"minecraft:trident":1,"minecraft:spruce_planks":121,"minecraft:netherite_boots":1,"minecraft:gold_ingot":175},"minecraft:killed":{"minecraft:skeleton":1,"minecraft:blaze":2,"minecraft:enderman":1},"minecraft:killed_by":{"minecraft:player":6,"minecraft:skeleton":1,"minecraft:creeper":1,"minecraft:enderman":2,"minecraft:iron_golem":1},"minecraft:used":{"minecraft:deepslate_brick_wall":3,"minecraft:water_bucket":1,"minecraft:cow_spawn_egg":2,"minecraft:weathered_copper_bulb":36,"minecraft:orange_concrete":10,"minecraft:wither_skeleton_skull":1,"minecraft:mangrove_planks":5,"minecraft:light_blue_terracotta":6,"minecraft:chest":7,"minecraft:spruce_planks":30,"minecraft:stripped_jungle_wood":2,"minecraft:cherry_planks":7,"minecraft:zombie_spawn_egg":15,"minecraft:creeper_head":1,"minecraft:bell":1,"minecraft:sheep_spawn_egg":2,"minecraft:player_head":6,"minecraft:netherrack":49,"minecraft:smooth_quartz_stairs":21,"minecraft:white_wool":3,"minecraft:diamond_block":484,"minecraft:dirt":3,"minecraft:acacia_sapling":1,"minecraft:piglin_head":1,"minecraft:stripped_spruce_log":5,"minecraft:deepslate_brick_stairs":52,"minecraft:birch_fence":16,"minecraft:enderman_spawn_egg":3,"minecraft:wooden_axe":1,"minecraft:ender_eye":12,"minecraft:light":9,"minecraft:sea_lantern":11,"minecraft:lava_bucket":2,"minecraft:mangrove_log":1,"minecraft:mace":3,"minecraft:oxidized_copper_grate":2,"minecraft:command_block":5,"minecraft:light_gray_concrete":33,"minecraft:wind_charge":34,"minecraft:bread":6,"minecraft:netherite_axe":2,"minecraft:chicken_spawn_egg":10,"minecraft:cherry_sign":1,"minecraft:dark_oak_button":1,"minecraft:acacia_chest_boat":1,"minecraft:mud_bricks":28,"minecraft:bedrock":33,"minecraft:reinforced_deepslate":11,"minecraft:cobblestone":2,"minecraft:wolf_spawn_egg":6,"minecraft:stripped_oak_wood":1,"minecraft:end_portal_frame":13,"minecraft:piglin_spawn_egg":12,"minecraft:gold_block":1,"minecraft:waxed_oxidized_copper_bulb":34,"minecraft:polished_blackstone_button":4,"minecraft:skeleton_skull":1,"minecraft:white_concrete":33,"minecraft:splash_potion":26,"minecraft:trial_spawner":24},"minecraft:mined":{"minecraft:short_grass":15,"minecraft:grass_block":3,"minecraft:tall_grass":2,"minecraft:acacia_sapling":1,"minecraft:dirt":2,"minecraft:player_head":1},"minecraft:picked_up":{"minecraft:netherite_boots":2,"minecraft:dark_oak_button":1,"minecraft:splash_potion":17,"minecraft:chicken":1,"minecraft:creeper_head":1,"minecraft:leather":14,"minecraft:potion":2,"minecraft:bedrock":64,"minecraft:nether_brick":29,"minecraft:light":64,"minecraft:wither_skeleton_skull":1,"minecraft:wind_charge":2435,"minecraft:netherite_leggings":1,"minecraft:string":31,"minecraft:dirt":21,"minecraft:orange_concrete":54,"minecraft:piglin_head":2,"minecraft:blackstone":63,"minecraft:zombie_head":1,"minecraft:wheat_seeds":7,"minecraft:reinforced_deepslate":1,"minecraft:spruce_planks":116,"minecraft:stripped_oak_wood":1,"minecraft:player_head":69,"minecraft:chest":1,"minecraft:acacia_sapling":65,"minecraft:smooth_quartz_stairs":3,"minecraft:soul_sand":19,"minecraft:mangrove_log":1,"minecraft:weathered_copper_bulb":1,"minecraft:iron_boots":1,"minecraft:waxed_oxidized_copper_bulb":1,"minecraft:dandelion":2,"minecraft:torch":1,"minecraft:quartz":29,"minecraft:lava_bucket":1,"minecraft:gravel":60,"minecraft:trial_spawner":1,"minecraft:fire_charge":7,"minecraft:mace":1,"minecraft:stripped_spruce_log":128,"minecraft:diamond_block":1454,"minecraft:crying_obsidian":3,"minecraft:spectral_arrow":36,"minecraft:netherite_block":64,"minecraft:light_gray_concrete":1,"minecraft:arrow":2,"minecraft:light_blue_terracotta":1,"minecraft:stripped_jungle_wood":192,"minecraft:white_concrete":1,"minecraft:acacia_chest_boat":1,"minecraft:gold_ingot":73,"minecraft:netherite_chestplate":1,"minecraft:blaze_rod":1,"minecraft:deepslate_brick_stairs":1,"minecraft:warped_nylium":1,"minecraft:obsidian":6,"minecraft:skeleton_skull":1,"minecraft:ender_pearl":8},"minecraft:custom":{"minecraft:interact_with_anvil":1,"minecraft:mob_kills":4,"minecraft:bell_ring":13,"minecraft:leave_game":29,"minecraft:time_since_death":862,"minecraft:time_since_rest":894,"minecraft:sprint_one_cm":435139,"minecraft:damage_taken":10733,"minecraft:walk_one_cm":224892,"minecraft:drop":151,"minecraft:damage_dealt":1002,"minecraft:swim_one_cm":4616,"minecraft:talked_to_villager":2,"minecraft:fly_one_cm":1512630,"minecraft:player_kills":1,"minecraft:open_chest":6,"minecraft:crouch_one_cm":11828,"minecraft:play_time":223652,"minecraft:deaths":21,"minecraft:sneak_time":2937,"minecraft:walk_under_water_one_cm":1380,"minecraft:boat_one_cm":15004,"minecraft:jump":3806,"minecraft:walk_on_water_one_cm":3894,"minecraft:total_world_time":223652,"minecraft:fall_one_cm":161960}},"DataVersion":3953}