{"stats":{"minecraft:picked_up":{"minecraft:diamond_block":814,"minecraft:wheat_seeds":1,"minecraft:dandelion":1},"minecraft:used":{"minecraft:diamond_block":54},"minecraft:custom":{"minecraft:jump":242,"minecraft:time_since_rest":3669,"minecraft:damage_dealt":20,"minecraft:crouch_one_cm":1668,"minecraft:deaths":1,"minecraft:sprint_one_cm":20156,"minecraft:play_time":5876,"minecraft:damage_taken":635,"minecraft:time_since_death":3640,"minecraft:walk_one_cm":6151,"minecraft:sneak_time":331,"minecraft:total_world_time":5876,"minecraft:fall_one_cm":20780,"minecraft:fly_one_cm":64907}},"DataVersion":3953}