{"stats":{"minecraft:custom":{"minecraft:time_since_rest":62442,"minecraft:sprint_one_cm":142542,"minecraft:damage_taken":1340,"minecraft:walk_one_cm":50707,"minecraft:mob_kills":4,"minecraft:drop":121,"minecraft:damage_dealt":878,"minecraft:fly_one_cm":608197,"minecraft:crouch_one_cm":7830,"minecraft:play_time":92910,"minecraft:deaths":2,"minecraft:sneak_time":1896,"minecraft:jump":1191,"minecraft:leave_game":6,"minecraft:walk_on_water_one_cm":13,"minecraft:time_since_death":62409,"minecraft:total_world_time":92910,"minecraft:fall_one_cm":45912},"minecraft:mined":{"minecraft:acacia_sapling":1,"minecraft:short_grass":2,"minecraft:tall_grass":1},"minecraft:picked_up":{"minecraft:splash_potion":1,"minecraft:chicken":1,"minecraft:leather":14,"minecraft:dandelion":1,"minecraft:quartz":29,"minecraft:gravel":60,"minecraft:fire_charge":7,"minecraft:potion":2,"minecraft:nether_brick":29,"minecraft:diamond_block":1454,"minecraft:crying_obsidian":3,"minecraft:spectral_arrow":36,"minecraft:string":31,"minecraft:netherite_block":64,"minecraft:orange_concrete":54,"minecraft:arrow":2,"minecraft:blackstone":63,"minecraft:wheat_seeds":3,"minecraft:gold_ingot":73,"minecraft:blaze_rod":1,"minecraft:soul_sand":19,"minecraft:warped_nylium":1,"minecraft:obsidian":6,"minecraft:acacia_sapling":65,"minecraft:iron_boots":1,"minecraft:ender_pearl":8},"minecraft:dropped":{"minecraft:gold_ingot":175},"minecraft:used":{"minecraft:water_bucket":1,"minecraft:enderman_spawn_egg":2,"minecraft:wooden_axe":1,"minecraft:mace":3,"minecraft:orange_concrete":10,"minecraft:command_block":3,"minecraft:netherite_axe":2,"minecraft:player_head":2,"minecraft:netherrack":49,"minecraft:bedrock":2,"minecraft:diamond_block":204,"minecraft:piglin_spawn_egg":12,"minecraft:acacia_sapling":1,"minecraft:splash_potion":4},"minecraft:killed":{"minecraft:skeleton":1,"minecraft:blaze":2,"minecraft:enderman":1}},"DataVersion":3953}