{"stats":{"minecraft:dropped":{"minecraft:stripped_spruce_log":64,"minecraft:diamond_block":1,"minecraft:stripped_jungle_wood":128,"minecraft:gold_ingot":175},"minecraft:killed":{"minecraft:skeleton":1,"minecraft:blaze":2,"minecraft:enderman":1},"minecraft:killed_by":{"minecraft:player":1},"minecraft:used":{"minecraft:enderman_spawn_egg":3,"minecraft:wooden_axe":1,"minecraft:water_bucket":1,"minecraft:lava_bucket":1,"minecraft:mace":3,"minecraft:orange_concrete":10,"minecraft:command_block":3,"minecraft:netherite_axe":2,"minecraft:stripped_jungle_wood":2,"minecraft:player_head":2,"minecraft:netherrack":49,"minecraft:bedrock":2,"minecraft:diamond_block":483,"minecraft:dirt":1,"minecraft:cobblestone":2,"minecraft:piglin_spawn_egg":12,"minecraft:acacia_sapling":1,"minecraft:stripped_spruce_log":3,"minecraft:splash_potion":4},"minecraft:mined":{"minecraft:acacia_sapling":1,"minecraft:short_grass":2,"minecraft:grass_block":1,"minecraft:dirt":1,"minecraft:tall_grass":1},"minecraft:picked_up":{"minecraft:splash_potion":1,"minecraft:chicken":1,"minecraft:leather":14,"minecraft:torch":1,"minecraft:quartz":29,"minecraft:dandelion":1,"minecraft:gravel":60,"minecraft:fire_charge":7,"minecraft:potion":2,"minecraft:nether_brick":29,"minecraft:stripped_spruce_log":128,"minecraft:diamond_block":1454,"minecraft:crying_obsidian":3,"minecraft:spectral_arrow":36,"minecraft:string":31,"minecraft:dirt":2,"minecraft:netherite_block":64,"minecraft:orange_concrete":54,"minecraft:arrow":2,"minecraft:blackstone":63,"minecraft:wheat_seeds":3,"minecraft:stripped_jungle_wood":192,"minecraft:gold_ingot":73,"minecraft:blaze_rod":1,"minecraft:warped_nylium":1,"minecraft:obsidian":6,"minecraft:soul_sand":19,"minecraft:acacia_sapling":65,"minecraft:iron_boots":1,"minecraft:ender_pearl":8},"minecraft:custom":{"minecraft:time_since_rest":4060,"minecraft:sprint_one_cm":231936,"minecraft:damage_taken":1928,"minecraft:walk_one_cm":73008,"minecraft:mob_kills":4,"minecraft:drop":125,"minecraft:damage_dealt":928,"minecraft:fly_one_cm":1031899,"minecraft:open_chest":1,"minecraft:crouch_one_cm":8759,"minecraft:play_time":138024,"minecraft:deaths":3,"minecraft:sneak_time":2162,"minecraft:jump":2198,"minecraft:leave_game":13,"minecraft:walk_on_water_one_cm":76,"minecraft:time_since_death":4032,"minecraft:total_world_time":138024,"minecraft:fall_one_cm":65562}},"DataVersion":3953}