{"stats":{"minecraft:picked_up":{"minecraft:firework_rocket":64,"minecraft:elytra":1},"minecraft:used":{"minecraft:torch":3,"minecraft:sea_lantern":1,"minecraft:lime_stained_glass":7,"minecraft:red_stained_glass":11},"minecraft:custom":{"minecraft:jump":46,"minecraft:time_since_rest":13184,"minecraft:damage_dealt":20,"minecraft:crouch_one_cm":285,"minecraft:play_one_minute":13184,"minecraft:leave_game":2,"minecraft:sprint_one_cm":11634,"minecraft:time_since_death":13184,"minecraft:walk_one_cm":11171,"minecraft:sneak_time":287,"minecraft:fly_one_cm":174181,"minecraft:aviate_one_cm":298852}},"DataVersion":2567}