{"stats":{"minecraft:dropped":{"minecraft:chicken":1,"minecraft:feather":1,"minecraft:wheat_seeds":1,"minecraft:diamond_block":195,"minecraft:netherite_block":60},"minecraft:picked_up":{"minecraft:feather":1,"minecraft:chicken":1,"minecraft:wheat_seeds":2,"minecraft:dandelion":2,"minecraft:diamond_block":2272},"minecraft:used":{"minecraft:netherite_block":4,"minecraft:diamond_block":293,"minecraft:orange_concrete":2},"minecraft:killed":{"minecraft:chicken":1},"minecraft:custom":{"minecraft:time_since_rest":15234,"minecraft:crouch_one_cm":4775,"minecraft:deaths":3,"minecraft:play_time":22210,"minecraft:sprint_one_cm":44791,"minecraft:damage_taken":1485,"minecraft:walk_one_cm":48076,"minecraft:sneak_time":1319,"minecraft:mob_kills":1,"minecraft:drop":8,"minecraft:jump":618,"minecraft:damage_dealt":140,"minecraft:leave_game":2,"minecraft:time_since_death":15207,"minecraft:total_world_time":22210,"minecraft:fall_one_cm":37442,"minecraft:fly_one_cm":67422},"minecraft:mined":{"minecraft:short_grass":9,"minecraft:dandelion":2}},"DataVersion":3953}