{"stats":{"minecraft:dropped":{"minecraft:wheat_seeds":4,"minecraft:feather":1,"minecraft:cobblestone":13,"minecraft:granite":18,"minecraft:stick":4,"minecraft:dirt":26,"minecraft:diorite":19,"minecraft:cherry_planks":15,"minecraft:pink_petals":14,"minecraft:dandelion":1,"minecraft:bone":4,"minecraft:gravel":4,"minecraft:diamond_block":195,"minecraft:orange_concrete":12,"minecraft:chicken":1,"minecraft:nether_brick_fence":2,"minecraft:netherite_block":60,"minecraft:andesite":20,"minecraft:acacia_sapling":128,"minecraft:wooden_pickaxe":2,"minecraft:stone_pickaxe":1,"minecraft:warped_wart_block":1,"minecraft:quartz":1},"minecraft:killed":{"minecraft:chicken":1,"minecraft:pig":3,"minecraft:sheep":5,"minecraft:wither_skeleton":4,"minecraft:blaze":17,"minecraft:enderman":13,"minecraft:cow":1},"minecraft:broken":{"minecraft:golden_sword":1},"minecraft:used":{"minecraft:orange_concrete":58,"minecraft:flint_and_steel":3,"minecraft:shield":19,"minecraft:player_head":2,"minecraft:netherrack":36,"minecraft:mutton":3,"minecraft:nether_bricks":12,"minecraft:diamond_helmet":1,"minecraft:granite":3,"minecraft:obsidian":2,"minecraft:lava_bucket":12,"minecraft:golden_sword":56,"minecraft:golden_carrot":17,"minecraft:beef":1,"minecraft:furnace":2,"minecraft:cobbled_deepslate":2,"minecraft:cooked_mutton":5,"minecraft:water_bucket":12,"minecraft:stone_pickaxe":10,"minecraft:ender_pearl":1,"minecraft:wooden_pickaxe":17,"minecraft:diamond_axe":20,"minecraft:golden_apple":1,"minecraft:diamond_block":293,"minecraft:crafting_table":4,"minecraft:netherite_block":5,"minecraft:diamond_pickaxe":429,"minecraft:diamond_shovel":20,"minecraft:mace":4,"minecraft:gravel":25,"minecraft:golden_leggings":2,"minecraft:pink_petals":4,"minecraft:diamond_sword":155,"minecraft:cobblestone":28,"minecraft:porkchop":5,"minecraft:bucket":26},"minecraft:mined":{"minecraft:nether_gold_ore":2,"minecraft:white_bed":1,"minecraft:cherry_log":22,"minecraft:nether_bricks":13,"minecraft:granite":21,"minecraft:grass_block":5,"minecraft:spawner":2,"minecraft:hay_block":16,"minecraft:furnace":2,"minecraft:iron_ore":23,"minecraft:fire":13,"minecraft:andesite":10,"minecraft:nether_brick_fence":2,"minecraft:stone":97,"minecraft:player_head":3,"minecraft:twisting_vines_plant":2,"minecraft:dandelion":3,"minecraft:powder_snow":2,"minecraft:crafting_table":3,"minecraft:short_grass":112,"minecraft:emerald_ore":1,"minecraft:nether_quartz_ore":1,"minecraft:tall_grass":24,"minecraft:cobblestone":1,"minecraft:lapis_ore":3,"minecraft:diorite":16,"minecraft:warped_wart_block":1,"minecraft:pink_petals":4,"minecraft:warped_nylium":10,"minecraft:coal_ore":34,"minecraft:gravel":26,"minecraft:dirt":8,"minecraft:netherrack":192,"minecraft:oak_leaves":1,"minecraft:deepslate":4},"minecraft:crafted":{"minecraft:cherry_planks":40,"minecraft:furnace":2,"minecraft:diamond_shovel":1,"minecraft:cooked_mutton":5,"minecraft:diamond_block":60,"minecraft:flint_and_steel":1,"minecraft:diamond":576,"minecraft:diamond_helmet":1,"minecraft:diamond_leggings":1,"minecraft:stone_pickaxe":1,"minecraft:diamond_boots":1,"minecraft:diamond_sword":1,"minecraft:diamond_axe":1,"minecraft:crafting_table":2,"minecraft:wooden_pickaxe":1,"minecraft:bucket":2,"minecraft:air":0,"minecraft:diamond_pickaxe":1,"minecraft:shield":1,"minecraft:netherite_block":59,"minecraft:stick":12,"minecraft:iron_ingot":16,"minecraft:netherite_ingot":531,"minecraft:diamond_chestplate":1},"minecraft:picked_up":{"minecraft:crafting_table":4,"minecraft:chicken":1,"minecraft:nether_brick_fence":2,"minecraft:diamond_sword":1,"minecraft:wooden_pickaxe":1,"minecraft:shield":1,"minecraft:orange_concrete":6,"minecraft:flint_and_steel":1,"minecraft:diamond_leggings":1,"minecraft:gold_nugget":5,"minecraft:cobbled_deepslate":2,"minecraft:beef":1,"minecraft:player_head":3,"minecraft:furnace":4,"minecraft:stick":3,"minecraft:raw_iron":23,"minecraft:porkchop":5,"minecraft:mace":1,"minecraft:cherry_log":34,"minecraft:diorite":19,"minecraft:diamond_chestplate":1,"minecraft:nether_bricks":12,"minecraft:hay_block":16,"minecraft:diamond_boots":1,"minecraft:blaze_rod":6,"minecraft:mutton":8,"minecraft:white_wool":7,"minecraft:cobblestone":134,"minecraft:pink_petals":18,"minecraft:feather":1,"minecraft:golden_carrot":48,"minecraft:cherry_planks":2,"minecraft:water_bucket":1,"minecraft:andesite":20,"minecraft:leather":2,"minecraft:flint":1,"minecraft:lapis_lazuli":42,"minecraft:dirt":26,"minecraft:twisting_vines":6,"minecraft:bone":8,"minecraft:wheat_seeds":18,"minecraft:iron_ingot":20,"minecraft:diamond_helmet":1,"minecraft:acacia_sapling":64,"minecraft:warped_fungus":4,"minecraft:warped_wart_block":1,"minecraft:quartz":1,"minecraft:dandelion":3,"minecraft:gravel":29,"minecraft:lava_bucket":1,"minecraft:diamond_block":2332,"minecraft:netherite_block":119,"minecraft:diamond_shovel":1,"minecraft:diamond":3,"minecraft:granite":21,"minecraft:diamond_axe":1,"minecraft:gray_wool":1,"minecraft:emerald":2,"minecraft:warped_roots":4,"minecraft:netherrack":363,"minecraft:warped_nylium":8,"minecraft:coal":98,"minecraft:ender_pearl":12,"minecraft:diamond_pickaxe":1},"minecraft:custom":{"minecraft:mob_kills":45,"minecraft:interact_with_crafting_table":14,"minecraft:bell_ring":13,"minecraft:leave_game":10,"minecraft:time_since_death":11800,"minecraft:climb_one_cm":326,"minecraft:sprint_one_cm":176139,"minecraft:walk_one_cm":188882,"minecraft:damage_blocked_by_shield":685,"minecraft:drop":38,"minecraft:play_time":104419,"minecraft:deaths":11,"minecraft:sneak_time":15218,"minecraft:jump":2320,"minecraft:interact_with_brewingstand":1,"minecraft:walk_on_water_one_cm":2886,"minecraft:total_world_time":104419,"minecraft:interact_with_furnace":22,"minecraft:time_since_rest":11827,"minecraft:damage_taken":8376,"minecraft:damage_absorbed":39,"minecraft:damage_dealt":10955,"minecraft:fly_one_cm":234641,"minecraft:open_chest":5,"minecraft:crouch_one_cm":44452,"minecraft:fall_one_cm":119894}},"DataVersion":3953}