{"stats":{"minecraft:dropped":{"minecraft:wheat_seeds":1,"minecraft:diamond_block":195},"minecraft:picked_up":{"minecraft:diamond_block":1156,"minecraft:wheat_seeds":2,"minecraft:dandelion":1},"minecraft:used":{"minecraft:diamond_block":136},"minecraft:custom":{"minecraft:jump":178,"minecraft:time_since_rest":3621,"minecraft:damage_dealt":45,"minecraft:crouch_one_cm":1483,"minecraft:deaths":1,"minecraft:sprint_one_cm":13463,"minecraft:play_time":5921,"minecraft:damage_taken":490,"minecraft:time_since_death":3593,"minecraft:walk_one_cm":8880,"minecraft:sneak_time":470,"minecraft:total_world_time":5921,"minecraft:drop":5,"minecraft:fall_one_cm":13736,"minecraft:fly_one_cm":22769},"minecraft:mined":{"minecraft:short_grass":5,"minecraft:dandelion":1}},"DataVersion":3953}