{"stats":{"minecraft:dropped":{"minecraft:wheat_seeds":9,"minecraft:netherite_chestplate":2,"minecraft:feather":1,"minecraft:cobblestone":13,"minecraft:waxed_oxidized_copper_bulb":1,"minecraft:granite":18,"minecraft:stick":4,"minecraft:dirt":26,"minecraft:diorite":19,"minecraft:cherry_planks":17,"minecraft:netherite_boots":1,"minecraft:pink_petals":14,"minecraft:dandelion":1,"minecraft:armor_stand":1,"minecraft:bone":4,"minecraft:gravel":4,"minecraft:diamond_block":195,"minecraft:player_head":34,"minecraft:weathered_copper_bulb":1,"minecraft:orange_concrete":12,"minecraft:chicken":1,"minecraft:nether_brick_fence":2,"minecraft:netherite_leggings":1,"minecraft:wind_charge":64,"minecraft:netherite_block":60,"minecraft:andesite":20,"minecraft:acacia_sapling":128,"minecraft:wooden_pickaxe":2,"minecraft:stone_pickaxe":1,"minecraft:warped_wart_block":1,"minecraft:quartz":1},"minecraft:killed":{"minecraft:chicken":1,"minecraft:pig":3,"minecraft:sheep":5,"minecraft:wither_skeleton":4,"minecraft:blaze":17,"minecraft:enderman":13,"minecraft:cow":1},"minecraft:killed_by":{"minecraft:player":1},"minecraft:broken":{"minecraft:golden_sword":1},"minecraft:used":{"minecraft:trident":4,"minecraft:flint_and_steel":3,"minecraft:orange_concrete":58,"minecraft:heavy_core":3,"minecraft:armor_stand":3,"minecraft:spruce_planks":165,"minecraft:shield":19,"minecraft:stripped_jungle_wood":5,"minecraft:player_head":66,"minecraft:netherrack":36,"minecraft:sculk_sensor":3,"minecraft:dirt":11,"minecraft:mutton":3,"minecraft:jungle_planks":236,"minecraft:nether_bricks":12,"minecraft:diamond_helmet":1,"minecraft:granite":3,"minecraft:obsidian":2,"minecraft:big_dripleaf":2,"minecraft:sea_lantern":3,"minecraft:lava_bucket":12,"minecraft:oxidized_copper_grate":2,"minecraft:cherry_leaves":2,"minecraft:bedrock":6,"minecraft:golden_sword":56,"minecraft:reinforced_deepslate":5,"minecraft:golden_carrot":17,"minecraft:beef":1,"minecraft:furnace":2,"minecraft:gold_block":1,"minecraft:cobbled_deepslate":2,"minecraft:cooked_mutton":5,"minecraft:water_bucket":12,"minecraft:weathered_copper_bulb":15,"minecraft:stone_pickaxe":10,"minecraft:ender_pearl":1,"minecraft:wooden_pickaxe":17,"minecraft:cherry_planks":5,"minecraft:redstone_block":2,"minecraft:sniffer_egg":2,"minecraft:diamond_axe":20,"minecraft:waxed_oxidized_copper_trapdoor":7,"minecraft:white_wool":1,"minecraft:golden_apple":1,"minecraft:diamond_block":293,"minecraft:crafting_table":4,"minecraft:deepslate_brick_stairs":18,"minecraft:flower_pot":6,"minecraft:netherite_block":5,"minecraft:light":9,"minecraft:diamond_pickaxe":429,"minecraft:diamond_shovel":20,"minecraft:mace":15,"minecraft:wind_charge":85,"minecraft:deepslate":2,"minecraft:acacia_chest_boat":3,"minecraft:gravel":25,"minecraft:golden_leggings":2,"minecraft:pink_petals":4,"minecraft:diamond_sword":155,"minecraft:cobblestone":28,"minecraft:end_crystal":1,"minecraft:porkchop":5,"minecraft:bucket":26,"minecraft:waxed_oxidized_copper_bulb":32,"minecraft:splash_potion":2,"minecraft:white_concrete":6,"minecraft:sculk_vein":13,"minecraft:trial_spawner":3},"minecraft:mined":{"minecraft:nether_gold_ore":2,"minecraft:spruce_planks":1,"minecraft:white_bed":1,"minecraft:cherry_log":22,"minecraft:nether_bricks":13,"minecraft:granite":21,"minecraft:grass_block":12,"minecraft:stripped_jungle_wood":1,"minecraft:spawner":2,"minecraft:hay_block":16,"minecraft:furnace":2,"minecraft:iron_ore":23,"minecraft:fire":13,"minecraft:andesite":10,"minecraft:nether_brick_fence":2,"minecraft:stone":97,"minecraft:player_head":3,"minecraft:twisting_vines_plant":2,"minecraft:dandelion":3,"minecraft:powder_snow":2,"minecraft:crafting_table":3,"minecraft:short_grass":157,"minecraft:emerald_ore":1,"minecraft:sculk_sensor":1,"minecraft:nether_quartz_ore":1,"minecraft:tall_grass":30,"minecraft:cobblestone":1,"minecraft:lapis_ore":3,"minecraft:diorite":16,"minecraft:warped_wart_block":1,"minecraft:pink_petals":4,"minecraft:warped_nylium":10,"minecraft:coal_ore":34,"minecraft:gravel":26,"minecraft:dirt":9,"minecraft:mangrove_log":1,"minecraft:netherrack":192,"minecraft:oak_leaves":1,"minecraft:deepslate":4},"minecraft:crafted":{"minecraft:cherry_planks":40,"minecraft:furnace":2,"minecraft:diamond_shovel":1,"minecraft:cooked_mutton":5,"minecraft:diamond_block":60,"minecraft:flint_and_steel":1,"minecraft:diamond":576,"minecraft:diamond_helmet":1,"minecraft:diamond_leggings":1,"minecraft:stone_pickaxe":1,"minecraft:diamond_boots":1,"minecraft:diamond_sword":1,"minecraft:diamond_axe":1,"minecraft:crafting_table":2,"minecraft:spruce_planks":256,"minecraft:wooden_pickaxe":1,"minecraft:bucket":2,"minecraft:air":0,"minecraft:jungle_planks":236,"minecraft:diamond_pickaxe":1,"minecraft:shield":1,"minecraft:netherite_block":59,"minecraft:stick":12,"minecraft:iron_ingot":16,"minecraft:netherite_ingot":531,"minecraft:diamond_chestplate":1},"minecraft:picked_up":{"minecraft:crafting_table":4,"minecraft:chicken":1,"minecraft:nether_brick_fence":2,"minecraft:diamond_sword":1,"minecraft:wooden_pickaxe":1,"minecraft:light":64,"minecraft:shield":1,"minecraft:wind_charge":4374,"minecraft:orange_concrete":6,"minecraft:flint_and_steel":1,"minecraft:diamond_leggings":1,"minecraft:gold_nugget":5,"minecraft:cobbled_deepslate":2,"minecraft:spruce_planks":696,"minecraft:beef":1,"minecraft:player_head":137,"minecraft:mangrove_log":1,"minecraft:furnace":4,"minecraft:stick":3,"minecraft:raw_iron":23,"minecraft:big_dripleaf":1,"minecraft:porkchop":5,"minecraft:mace":3,"minecraft:cherry_log":34,"minecraft:diorite":19,"minecraft:trident":1,"minecraft:diamond_chestplate":1,"minecraft:nether_bricks":12,"minecraft:hay_block":16,"minecraft:diamond_boots":1,"minecraft:netherite_chestplate":5,"minecraft:blaze_rod":6,"minecraft:mutton":8,"minecraft:white_wool":7,"minecraft:cobblestone":134,"minecraft:netherite_boots":3,"minecraft:pink_petals":18,"minecraft:feather":1,"minecraft:golden_carrot":48,"minecraft:cherry_planks":3,"minecraft:water_bucket":1,"minecraft:andesite":20,"minecraft:leather":2,"minecraft:flint":1,"minecraft:netherite_leggings":3,"minecraft:lapis_lazuli":42,"minecraft:dirt":36,"minecraft:piglin_head":2,"minecraft:twisting_vines":6,"minecraft:bone":8,"minecraft:wheat_seeds":24,"minecraft:iron_ingot":20,"minecraft:diamond_helmet":1,"minecraft:acacia_sapling":64,"minecraft:warped_fungus":4,"minecraft:warped_wart_block":1,"minecraft:quartz":1,"minecraft:dandelion":3,"minecraft:gravel":29,"minecraft:lava_bucket":1,"minecraft:jungle_planks":14,"minecraft:stripped_spruce_log":64,"minecraft:diamond_block":2332,"minecraft:netherite_block":119,"minecraft:diamond_shovel":1,"minecraft:diamond":3,"minecraft:stripped_jungle_wood":1,"minecraft:granite":21,"minecraft:diamond_axe":1,"minecraft:gray_wool":1,"minecraft:emerald":2,"minecraft:warped_roots":4,"minecraft:netherrack":363,"minecraft:warped_nylium":8,"minecraft:coal":98,"minecraft:ender_pearl":12,"minecraft:diamond_pickaxe":1},"minecraft:custom":{"minecraft:interact_with_anvil":3,"minecraft:mob_kills":45,"minecraft:interact_with_crafting_table":14,"minecraft:bell_ring":13,"minecraft:leave_game":22,"minecraft:time_since_death":1113,"minecraft:climb_one_cm":326,"minecraft:sprint_one_cm":237054,"minecraft:walk_one_cm":279909,"minecraft:damage_blocked_by_shield":685,"minecraft:drop":56,"minecraft:play_time":174025,"minecraft:deaths":27,"minecraft:sneak_time":21772,"minecraft:walk_under_water_one_cm":358,"minecraft:boat_one_cm":22220,"minecraft:jump":3760,"minecraft:interact_with_brewingstand":1,"minecraft:walk_on_water_one_cm":3875,"minecraft:total_world_time":174025,"minecraft:interact_with_furnace":22,"minecraft:pot_flower":7,"minecraft:time_since_rest":1169,"minecraft:damage_taken":19286,"minecraft:damage_absorbed":39,"minecraft:damage_dealt":12125,"minecraft:swim_one_cm":1011,"minecraft:fly_one_cm":345451,"minecraft:player_kills":5,"minecraft:open_chest":8,"minecraft:crouch_one_cm":58353,"minecraft:fall_one_cm":261385}},"DataVersion":3953}