{"stats":{"minecraft:used":{"minecraft:netherite_block":5,"minecraft:orange_concrete":58,"minecraft:stone_pickaxe":5,"minecraft:wooden_pickaxe":17,"minecraft:pink_petals":4,"minecraft:diamond_block":293,"minecraft:crafting_table":1},"minecraft:custom":{"minecraft:time_since_rest":23043,"minecraft:sprint_one_cm":56201,"minecraft:damage_taken":1495,"minecraft:walk_one_cm":56693,"minecraft:mob_kills":4,"minecraft:drop":9,"minecraft:damage_dealt":380,"minecraft:interact_with_crafting_table":2,"minecraft:fly_one_cm":77670,"minecraft:crouch_one_cm":10459,"minecraft:play_time":30019,"minecraft:deaths":3,"minecraft:sneak_time":3054,"minecraft:jump":742,"minecraft:leave_game":5,"minecraft:time_since_death":23016,"minecraft:total_world_time":30019,"minecraft:fall_one_cm":39983},"minecraft:crafted":{"minecraft:cherry_planks":32,"minecraft:crafting_table":1,"minecraft:stick":4,"minecraft:wooden_pickaxe":1,"minecraft:stone_pickaxe":1},"minecraft:killed":{"minecraft:sheep":3,"minecraft:chicken":1},"minecraft:picked_up":{"minecraft:pink_petals":7,"minecraft:feather":1,"minecraft:chicken":1,"minecraft:dandelion":3,"minecraft:cherry_log":8,"minecraft:diamond_block":2272,"minecraft:dirt":10,"minecraft:netherite_block":60,"minecraft:wheat_seeds":3,"minecraft:mutton":5,"minecraft:white_wool":3,"minecraft:cobblestone":10},"minecraft:dropped":{"minecraft:wheat_seeds":2,"minecraft:diamond_block":195,"minecraft:netherite_block":60,"minecraft:chicken":1,"minecraft:feather":1},"minecraft:mined":{"minecraft:pink_petals":3,"minecraft:cherry_log":8,"minecraft:dandelion":3,"minecraft:short_grass":16,"minecraft:grass_block":2,"minecraft:dirt":8,"minecraft:tall_grass":13,"minecraft:stone":11}},"DataVersion":3953}