{"stats":{"minecraft:custom":{"minecraft:interact_with_furnace":20,"minecraft:mob_kills":4,"minecraft:interact_with_crafting_table":12,"minecraft:leave_game":6,"minecraft:time_since_death":32954,"minecraft:time_since_rest":32981,"minecraft:sprint_one_cm":59836,"minecraft:damage_taken":1565,"minecraft:walk_one_cm":70394,"minecraft:drop":29,"minecraft:damage_dealt":380,"minecraft:fly_one_cm":78770,"minecraft:crouch_one_cm":17035,"minecraft:play_time":39957,"minecraft:deaths":3,"minecraft:sneak_time":5940,"minecraft:jump":812,"minecraft:walk_on_water_one_cm":880,"minecraft:total_world_time":39957,"minecraft:fall_one_cm":41904},"minecraft:mined":{"minecraft:cherry_log":22,"minecraft:dandelion":3,"minecraft:granite":21,"minecraft:short_grass":17,"minecraft:emerald_ore":1,"minecraft:grass_block":5,"minecraft:tall_grass":13,"minecraft:lapis_ore":3,"minecraft:diorite":3,"minecraft:pink_petals":4,"minecraft:iron_ore":22,"minecraft:fire":1,"minecraft:andesite":10,"minecraft:coal_ore":34,"minecraft:gravel":26,"minecraft:dirt":8,"minecraft:stone":84},"minecraft:crafted":{"minecraft:cherry_planks":32,"minecraft:diamond_sword":1,"minecraft:diamond_axe":1,"minecraft:crafting_table":2,"minecraft:wooden_pickaxe":1,"minecraft:furnace":2,"minecraft:bucket":1,"minecraft:diamond_shovel":1,"minecraft:cooked_mutton":5,"minecraft:air":0,"minecraft:diamond_block":60,"minecraft:flint_and_steel":1,"minecraft:diamond":576,"minecraft:diamond_helmet":1,"minecraft:diamond_leggings":1,"minecraft:diamond_pickaxe":1,"minecraft:netherite_block":59,"minecraft:stick":12,"minecraft:iron_ingot":16,"minecraft:stone_pickaxe":1,"minecraft:diamond_boots":1,"minecraft:netherite_ingot":531,"minecraft:diamond_chestplate":1},"minecraft:picked_up":{"minecraft:pink_petals":18,"minecraft:feather":1,"minecraft:chicken":1,"minecraft:andesite":20,"minecraft:wooden_pickaxe":1,"minecraft:flint":1,"minecraft:lapis_lazuli":21,"minecraft:dirt":26,"minecraft:orange_concrete":6,"minecraft:wheat_seeds":3,"minecraft:acacia_sapling":64,"minecraft:stick":3,"minecraft:raw_iron":22,"minecraft:dandelion":3,"minecraft:gravel":29,"minecraft:cherry_log":22,"minecraft:diorite":6,"minecraft:diamond_block":2272,"minecraft:netherite_block":60,"minecraft:granite":21,"minecraft:emerald":1,"minecraft:mutton":5,"minecraft:coal":34,"minecraft:white_wool":3,"minecraft:cobblestone":83},"minecraft:used":{"minecraft:orange_concrete":58,"minecraft:flint_and_steel":2,"minecraft:stone_pickaxe":10,"minecraft:wooden_pickaxe":17,"minecraft:diamond_axe":15,"minecraft:diamond_block":293,"minecraft:crafting_table":2,"minecraft:netherite_block":5,"minecraft:diamond_pickaxe":170,"minecraft:diamond_shovel":20,"minecraft:gravel":22,"minecraft:pink_petals":4,"minecraft:furnace":2},"minecraft:dropped":{"minecraft:gravel":4,"minecraft:wheat_seeds":2,"minecraft:diamond_block":195,"minecraft:orange_concrete":12,"minecraft:chicken":1,"minecraft:feather":1,"minecraft:granite":18,"minecraft:stick":3,"minecraft:dirt":26,"minecraft:diorite":6,"minecraft:netherite_block":60,"minecraft:andesite":20,"minecraft:cherry_planks":15,"minecraft:acacia_sapling":128,"minecraft:stone_pickaxe":1,"minecraft:wooden_pickaxe":2,"minecraft:pink_petals":14,"minecraft:dandelion":1},"minecraft:killed":{"minecraft:sheep":3,"minecraft:chicken":1}},"DataVersion":3953}