{"stats":{"minecraft:custom":{"minecraft:interact_with_furnace":22,"minecraft:mob_kills":13,"minecraft:interact_with_crafting_table":14,"minecraft:leave_game":6,"minecraft:time_since_death":44954,"minecraft:time_since_rest":44981,"minecraft:sprint_one_cm":83764,"minecraft:damage_absorbed":39,"minecraft:damage_taken":2288,"minecraft:walk_one_cm":94230,"minecraft:damage_blocked_by_shield":210,"minecraft:drop":29,"minecraft:damage_dealt":2329,"minecraft:fly_one_cm":105255,"minecraft:crouch_one_cm":25081,"minecraft:play_time":51957,"minecraft:deaths":3,"minecraft:sneak_time":9536,"minecraft:jump":1087,"minecraft:walk_on_water_one_cm":2886,"minecraft:total_world_time":51957,"minecraft:fall_one_cm":48587},"minecraft:mined":{"minecraft:cherry_log":22,"minecraft:dandelion":3,"minecraft:crafting_table":3,"minecraft:nether_bricks":13,"minecraft:granite":21,"minecraft:short_grass":17,"minecraft:emerald_ore":1,"minecraft:grass_block":5,"minecraft:tall_grass":13,"minecraft:cobblestone":1,"minecraft:lapis_ore":3,"minecraft:diorite":16,"minecraft:spawner":1,"minecraft:pink_petals":4,"minecraft:furnace":2,"minecraft:iron_ore":23,"minecraft:fire":9,"minecraft:andesite":10,"minecraft:coal_ore":34,"minecraft:gravel":26,"minecraft:dirt":8,"minecraft:stone":97,"minecraft:netherrack":27,"minecraft:deepslate":4},"minecraft:crafted":{"minecraft:cherry_planks":40,"minecraft:diamond_sword":1,"minecraft:diamond_axe":1,"minecraft:crafting_table":2,"minecraft:wooden_pickaxe":1,"minecraft:furnace":2,"minecraft:bucket":2,"minecraft:diamond_shovel":1,"minecraft:cooked_mutton":5,"minecraft:air":0,"minecraft:diamond_block":60,"minecraft:flint_and_steel":1,"minecraft:diamond":576,"minecraft:diamond_helmet":1,"minecraft:diamond_leggings":1,"minecraft:diamond_pickaxe":1,"minecraft:shield":1,"minecraft:netherite_block":59,"minecraft:stick":12,"minecraft:iron_ingot":16,"minecraft:stone_pickaxe":1,"minecraft:diamond_boots":1,"minecraft:netherite_ingot":531,"minecraft:diamond_chestplate":1},"minecraft:picked_up":{"minecraft:pink_petals":18,"minecraft:crafting_table":3,"minecraft:feather":1,"minecraft:chicken":1,"minecraft:andesite":20,"minecraft:wooden_pickaxe":1,"minecraft:flint":1,"minecraft:lapis_lazuli":21,"minecraft:dirt":26,"minecraft:orange_concrete":6,"minecraft:bone":4,"minecraft:wheat_seeds":3,"minecraft:cobbled_deepslate":2,"minecraft:iron_ingot":6,"minecraft:acacia_sapling":64,"minecraft:furnace":2,"minecraft:stick":3,"minecraft:raw_iron":23,"minecraft:dandelion":3,"minecraft:gravel":29,"minecraft:cherry_log":22,"minecraft:diorite":19,"minecraft:diamond_block":2272,"minecraft:netherite_block":60,"minecraft:nether_bricks":12,"minecraft:granite":21,"minecraft:emerald":1,"minecraft:blaze_rod":2,"minecraft:netherrack":24,"minecraft:mutton":5,"minecraft:coal":65,"minecraft:white_wool":3,"minecraft:cobblestone":97},"minecraft:used":{"minecraft:cooked_mutton":2,"minecraft:water_bucket":12,"minecraft:orange_concrete":58,"minecraft:flint_and_steel":3,"minecraft:stone_pickaxe":10,"minecraft:shield":6,"minecraft:wooden_pickaxe":17,"minecraft:diamond_axe":20,"minecraft:netherrack":24,"minecraft:golden_apple":1,"minecraft:diamond_block":293,"minecraft:crafting_table":4,"minecraft:nether_bricks":12,"minecraft:granite":3,"minecraft:netherite_block":5,"minecraft:diamond_pickaxe":245,"minecraft:lava_bucket":12,"minecraft:diamond_shovel":20,"minecraft:gravel":25,"minecraft:pink_petals":4,"minecraft:diamond_sword":38,"minecraft:golden_carrot":4,"minecraft:cobblestone":28,"minecraft:furnace":2,"minecraft:bucket":26,"minecraft:cobbled_deepslate":2},"minecraft:dropped":{"minecraft:gravel":4,"minecraft:wheat_seeds":2,"minecraft:diamond_block":195,"minecraft:orange_concrete":12,"minecraft:chicken":1,"minecraft:feather":1,"minecraft:granite":18,"minecraft:stick":3,"minecraft:dirt":26,"minecraft:diorite":6,"minecraft:netherite_block":60,"minecraft:andesite":20,"minecraft:cherry_planks":15,"minecraft:acacia_sapling":128,"minecraft:stone_pickaxe":1,"minecraft:wooden_pickaxe":2,"minecraft:pink_petals":14,"minecraft:dandelion":1},"minecraft:killed":{"minecraft:sheep":3,"minecraft:chicken":1,"minecraft:wither_skeleton":2,"minecraft:blaze":7}},"DataVersion":3953}