{"stats":{"minecraft:custom":{"minecraft:jump":83,"minecraft:time_since_rest":1512,"minecraft:damage_taken":1780,"minecraft:walk_one_cm":7563,"minecraft:damage_dealt":20,"minecraft:crouch_one_cm":254,"minecraft:leave_game":2,"minecraft:sprint_one_cm":14393,"minecraft:play_time":14610,"minecraft:time_since_death":1475,"minecraft:walk_on_water_one_cm":267,"minecraft:deaths":2,"minecraft:sneak_time":671,"minecraft:total_world_time":14610,"minecraft:climb_one_cm":108,"minecraft:fall_one_cm":18666,"minecraft:fly_one_cm":607411}},"DataVersion":3953}