{"stats":{"minecraft:killed":{"minecraft:chicken":1,"minecraft:axolotl":8},"minecraft:custom":{"minecraft:mob_kills":10,"minecraft:animals_bred":1,"minecraft:interact_with_cartography_table":2,"minecraft:interact_with_crafting_table":1,"minecraft:leave_game":4,"minecraft:time_since_death":130929,"minecraft:sleep_in_bed":1,"minecraft:time_since_rest":83635,"minecraft:sprint_one_cm":699992,"minecraft:damage_taken":100,"minecraft:walk_one_cm":367164,"minecraft:trigger_trapped_chest":3,"minecraft:drop":1,"minecraft:damage_dealt":1260,"minecraft:fly_one_cm":1622124,"minecraft:crouch_one_cm":43787,"minecraft:play_time":130929,"minecraft:sneak_time":4316,"minecraft:boat_one_cm":3312,"minecraft:jump":1250,"minecraft:walk_on_water_one_cm":1032,"minecraft:total_world_time":174147,"minecraft:fall_one_cm":2909,"minecraft:horse_one_cm":7655},"minecraft:mined":{"minecraft:deepslate_diamond_ore":64,"minecraft:obsidian":17,"minecraft:blue_concrete":4,"minecraft:white_concrete":3,"minecraft:cobbled_deepslate":1,"minecraft:light_gray_concrete":58,"minecraft:yellow_concrete":2,"minecraft:dirt":7,"minecraft:deepslate":21},"minecraft:dropped":{"minecraft:sea_pickle":1},"minecraft:crafted":{"minecraft:diamond_block":16},"minecraft:used":{"minecraft:calcite":32,"minecraft:water_bucket":2,"minecraft:trident":8,"minecraft:netherite_sword":16,"minecraft:end_rod":2,"minecraft:amethyst_block":79,"minecraft:flint_and_steel":15,"minecraft:cut_red_sandstone_slab":7,"minecraft:red_concrete":25,"minecraft:cartography_table":5,"minecraft:copper_block":1,"minecraft:axolotl_spawn_egg":182,"minecraft:chest":1,"minecraft:fletching_table":14,"minecraft:llama_spawn_egg":1,"minecraft:waxed_copper_block":26,"minecraft:white_candle":47,"minecraft:debug_stick":1,"minecraft:glow_berries":4,"minecraft:spyglass":4,"minecraft:dirt":7,"minecraft:purpur_stairs":1,"minecraft:crafting_table":1,"minecraft:light_blue_wool":1,"minecraft:yellow_concrete":2,"minecraft:gray_concrete":15,"minecraft:axolotl_bucket":2,"minecraft:blue_concrete":17,"minecraft:red_sandstone_wall":2,"minecraft:obsidian":17,"minecraft:milk_bucket":2,"minecraft:lightning_rod":4,"minecraft:glow_squid_spawn_egg":1,"minecraft:deepslate_tiles":4,"minecraft:netherite_block":1,"minecraft:waxed_oxidized_copper":1,"minecraft:light":74,"minecraft:light_gray_stained_glass":3,"minecraft:daylight_detector":3,"minecraft:command_block":6,"minecraft:light_gray_concrete":60,"minecraft:iron_block":1,"minecraft:grass_block":4,"minecraft:string":12,"minecraft:smooth_sandstone":1,"minecraft:spore_blossom":1,"minecraft:dark_oak_leaves":1,"minecraft:smooth_quartz":13,"minecraft:budding_amethyst":2,"minecraft:deepslate":16,"minecraft:flowering_azalea_leaves":36,"minecraft:blackstone_slab":2,"minecraft:deepslate_diamond_ore":79,"minecraft:brown_carpet":15,"minecraft:cobbled_deepslate_slab":26,"minecraft:dark_oak_boat":1,"minecraft:deepslate_tile_stairs":30,"minecraft:waxed_oxidized_cut_copper_stairs":3,"minecraft:netherite_pickaxe":177,"minecraft:black_candle":1,"minecraft:smooth_stone_slab":7,"minecraft:trapped_chest":20,"minecraft:sea_pickle":3,"minecraft:goat_spawn_egg":3,"minecraft:white_concrete":33,"minecraft:cobbled_deepslate":112,"minecraft:splash_potion":1,"minecraft:light_gray_bed":1,"minecraft:smooth_stone":2,"minecraft:candle":4,"minecraft:pointed_dripstone":25},"minecraft:picked_up":{"minecraft:feather":2,"minecraft:chicken":1,"minecraft:glow_ink_sac":2,"minecraft:lead":4,"minecraft:blue_concrete":4,"minecraft:dirt":7,"minecraft:string":11,"minecraft:sea_pickle":1,"minecraft:cobbled_deepslate":22,"minecraft:yellow_concrete":2,"minecraft:pointed_dripstone":23,"minecraft:brown_carpet":15,"minecraft:light_gray_concrete":58,"minecraft:yellow_carpet":63,"minecraft:diamond":147,"minecraft:white_concrete":3,"minecraft:obsidian":17}},"DataVersion":2730}