{"stats":{"minecraft:killed_by":{"minecraft:zombified_piglin":1,"minecraft:creeper":1,"minecraft:zombie":3,"minecraft:illusioner":1,"minecraft:spider":2,"minecraft:slime":1,"minecraft:skeleton":3},"minecraft:mined":{"minecraft:black_shulker_box":1,"minecraft:blue_concrete":2,"minecraft:twisting_vines":54,"minecraft:green_carpet":1,"minecraft:white_shulker_box":2,"minecraft:tripwire":2,"minecraft:netherite_block":2,"minecraft:blue_concrete_powder":8,"minecraft:red_bed":1,"minecraft:twisting_vines_plant":15,"minecraft:cyan_bed":1,"minecraft:black_bed":1,"minecraft:grass":1,"minecraft:oak_log":25,"minecraft:oak_leaves":3,"minecraft:warped_fence":4,"minecraft:stone_bricks":1},"minecraft:picked_up":{"minecraft:wooden_axe":19,"minecraft:black_carpet":8,"minecraft:creeper_head":129,"minecraft:redstone_block":1,"minecraft:chainmail_boots":4,"minecraft:nether_brick_fence":2,"minecraft:iron_trapdoor":2,"minecraft:diamond_sword":2,"minecraft:lead":32,"minecraft:potion":1,"minecraft:enchanted_book":1,"minecraft:stone_brick_stairs":2,"minecraft:piglin_spawn_egg":64,"minecraft:blue_concrete":6,"minecraft:string":86,"minecraft:dark_oak_trapdoor":128,"minecraft:smooth_stone_slab":4,"minecraft:sticky_piston":2,"minecraft:pufferfish":9,"minecraft:zombie_head":65,"minecraft:sea_pickle":10,"minecraft:diamond_leggings":6,"minecraft:black_shulker_box":2,"minecraft:gold_nugget":1,"minecraft:comparator":1,"minecraft:dark_oak_leaves":1,"minecraft:redstone_torch":14,"minecraft:cobblestone_slab":4,"minecraft:enchanted_golden_apple":124,"minecraft:dark_oak_door":1,"minecraft:beehive":13,"minecraft:stick":143,"minecraft:brown_terracotta":3,"minecraft:torch":3,"minecraft:acacia_log":1,"minecraft:porkchop":4,"minecraft:villager_spawn_egg":2,"minecraft:light_gray_banner":10,"minecraft:green_terracotta":4,"minecraft:blue_stained_glass":2,"minecraft:brown_carpet":4,"minecraft:zombie_spawn_egg":188,"minecraft:andesite_wall":1,"minecraft:quartz_block":4,"minecraft:lime_carpet":1,"minecraft:rotten_flesh":204,"minecraft:tropical_fish":10,"minecraft:carved_pumpkin":2,"minecraft:iron_block":7,"minecraft:end_rod":7,"minecraft:glowstone":1,"minecraft:green_wool":1,"minecraft:white_terracotta":2,"minecraft:blaze_rod":1,"minecraft:cod":4,"minecraft:iron_bars":1,"minecraft:cobblestone":2,"minecraft:leather_chestplate":8,"minecraft:repeater":1,"minecraft:water_bucket":11,"minecraft:andesite":1,"minecraft:black_bed":5,"minecraft:wither_skeleton_skull":2,"minecraft:map":1,"minecraft:gray_concrete":11,"minecraft:dirt":325,"minecraft:lantern":38,"minecraft:leather_boots":8,"minecraft:twisting_vines":171,"minecraft:glass":1,"minecraft:bone":93,"minecraft:bow":5,"minecraft:crimson_fence_gate":1,"minecraft:diamond_helmet":13,"minecraft:chiseled_polished_blackstone":1,"minecraft:pig_spawn_egg":1,"minecraft:jungle_planks":1,"minecraft:black_stained_glass_pane":1,"minecraft:cyan_bed":1,"minecraft:grass_block":14,"minecraft:warped_fence_gate":1,"minecraft:netherite_block":2,"minecraft:light_gray_concrete":7,"minecraft:polished_andesite":2,"minecraft:sugar":2,"minecraft:light_blue_terracotta":2,"minecraft:soul_lantern":16,"minecraft:lever":5,"minecraft:polished_blackstone_button":10,"minecraft:bone_meal":6,"minecraft:grass":2,"minecraft:white_concrete":12,"minecraft:chainmail_helmet":7,"minecraft:oak_sapling":42,"minecraft:light_gray_carpet":31,"minecraft:chorus_fruit":3,"minecraft:bricks":64,"minecraft:fishing_rod":1,"minecraft:crafting_table":2,"minecraft:coarse_dirt":1,"minecraft:bee_nest":2,"minecraft:firework_star":64,"minecraft:purple_wool":1,"minecraft:splash_potion":2,"minecraft:leather_leggings":8,"minecraft:redstone_lamp":1,"minecraft:stone_brick_wall":5,"minecraft:dragon_head":128,"minecraft:elytra":8,"minecraft:red_bed":1,"minecraft:end_stone_brick_wall":2,"minecraft:quartz_slab":1,"minecraft:item_frame":2,"minecraft:white_carpet":2,"minecraft:warped_fence":4,"minecraft:glass_pane":7,"minecraft:netherite_sword":18,"minecraft:player_head":2,"minecraft:poppy":8,"minecraft:light_gray_wool":5,"minecraft:egg":3,"minecraft:dark_oak_sapling":154,"minecraft:stone_button":4,"minecraft:redstone":262,"minecraft:netherite_pickaxe":1,"minecraft:blue_carpet":47,"minecraft:blue_concrete_powder":9,"minecraft:arrow":133,"minecraft:diamond_chestplate":7,"minecraft:shears":1,"minecraft:diamond_boots":5,"minecraft:white_shulker_box":3,"minecraft:white_wool":2,"minecraft:skeleton_skull":8,"minecraft:bone_block":2,"minecraft:soul_campfire":2,"minecraft:cut_sandstone":2,"minecraft:leather":8,"minecraft:yellow_dye":1,"minecraft:red_mushroom":2,"minecraft:acacia_wood":3,"minecraft:filled_map":4,"minecraft:brown_concrete":2,"minecraft:oak_log":26,"minecraft:chainmail_chestplate":7,"minecraft:gunpowder":81,"minecraft:paper":43,"minecraft:white_banner":6,"minecraft:orange_terracotta":2,"minecraft:cooked_mutton":1,"minecraft:podzol":1,"minecraft:apple":21,"minecraft:stone_bricks":1,"minecraft:iron_ingot":32,"minecraft:cooked_chicken":128,"minecraft:tall_grass":4,"minecraft:polished_andesite_slab":1,"minecraft:gray_bed":1,"minecraft:scaffolding":5,"minecraft:milk_bucket":1,"minecraft:stone_brick_slab":1,"minecraft:gravel":6,"minecraft:spruce_sapling":1,"minecraft:nether_brick_slab":2,"minecraft:green_carpet":55,"minecraft:sea_lantern":9,"minecraft:spider_eye":20,"minecraft:leather_helmet":16,"minecraft:cyan_banner":2,"minecraft:firework_rocket":904,"minecraft:purple_bed":1,"minecraft:slime_ball":45,"minecraft:prismarine_wall":1,"minecraft:painting":6,"minecraft:birch_sign":2,"minecraft:gray_wool":2,"minecraft:acacia_slab":1,"minecraft:red_concrete":2,"minecraft:coal":1,"minecraft:ender_pearl":4},"minecraft:killed":{"minecraft:zombified_piglin":2,"minecraft:witch":3,"minecraft:spider":53,"minecraft:zombie_horse":4,"minecraft:skeleton":60,"minecraft:bee":1,"minecraft:illusioner":2,"minecraft:magma_cube":19,"minecraft:wolf":1,"minecraft:piglin":1,"minecraft:zombie_villager":4,"minecraft:iron_golem":3,"minecraft:creeper":53,"minecraft:sheep":1,"minecraft:trader_llama":4,"minecraft:zombie":103,"minecraft:giant":2,"minecraft:slime":48,"minecraft:horse":3,"minecraft:bat":1,"minecraft:wandering_trader":4,"minecraft:villager":2,"minecraft:enderman":7},"minecraft:custom":{"minecraft:interact_with_crafting_table":18,"minecraft:open_shulker_box":18,"minecraft:eat_cake_slice":31,"minecraft:leave_game":48,"minecraft:time_since_death":10850,"minecraft:damage_resisted":1370,"minecraft:sprint_one_cm":3419550,"minecraft:drop":20,"minecraft:talked_to_villager":1,"minecraft:deaths":53,"minecraft:jump":16466,"minecraft:walk_on_water_one_cm":17111,"minecraft:interact_with_furnace":2,"minecraft:play_one_minute":1886311,"minecraft:interact_with_loom":17,"minecraft:sleep_in_bed":18,"minecraft:open_enderchest":2,"minecraft:damage_dealt":65625,"minecraft:crouch_one_cm":102544,"minecraft:interact_with_smoker":1,"minecraft:inspect_dispenser":19,"minecraft:mob_kills":386,"minecraft:interact_with_anvil":15,"minecraft:climb_one_cm":22193,"minecraft:walk_one_cm":2329612,"minecraft:sneak_time":76728,"minecraft:walk_under_water_one_cm":192,"minecraft:interact_with_lectern":2,"minecraft:interact_with_stonecutter":4,"minecraft:time_since_rest":10123,"minecraft:damage_taken":15247,"minecraft:damage_absorbed":2995,"minecraft:fly_one_cm":22187040,"minecraft:open_chest":15,"minecraft:aviate_one_cm":18983207,"minecraft:fall_one_cm":172940},"minecraft:used":{"minecraft:blue_terracotta":10,"minecraft:red_sand":14,"minecraft:melon":1,"minecraft:smooth_quartz_slab":77,"minecraft:polished_blackstone":24,"minecraft:dispenser":6,"minecraft:spruce_slab":2,"minecraft:bone_block":49,"minecraft:black_carpet":25,"minecraft:chest":2,"minecraft:white_terracotta":172,"minecraft:stone":101,"minecraft:zombie_spawn_egg":42,"minecraft:white_shulker_box":5,"minecraft:player_head":5,"minecraft:warped_sign":1,"minecraft:red_nether_brick_stairs":8,"minecraft:bell":1,"minecraft:grass":130,"minecraft:mossy_stone_brick_slab":5,"minecraft:rotten_flesh":6,"minecraft:soul_campfire":3,"minecraft:green_terracotta":219,"minecraft:debug_stick":261,"minecraft:spruce_leaves":230,"minecraft:soul_sand":8,"minecraft:skeleton_spawn_egg":10,"minecraft:blue_stained_glass":1,"minecraft:jungle_planks":81,"minecraft:furnace_minecart":3,"minecraft:beehive":112,"minecraft:cyan_wool":6,"minecraft:milk_bucket":8,"minecraft:obsidian":2,"minecraft:glass":23,"minecraft:polished_blackstone_slab":6,"minecraft:coal_ore":15,"minecraft:bricks":35,"minecraft:quartz_pillar":65,"minecraft:villager_spawn_egg":290,"minecraft:warped_hyphae":53,"minecraft:quartz_slab":12,"minecraft:black_stained_glass_pane":9,"minecraft:lantern":13,"minecraft:grass_block":489,"minecraft:quartz_block":10,"minecraft:polished_andesite_stairs":33,"minecraft:green_wool":60,"minecraft:dark_oak_wood":30,"minecraft:dark_oak_leaves":214,"minecraft:dark_oak_slab":37,"minecraft:mossy_cobblestone_slab":6,"minecraft:tropical_fish_spawn_egg":28,"minecraft:diorite_wall":177,"minecraft:stone_brick_stairs":22,"minecraft:bedrock":2,"minecraft:stone_bricks":2,"minecraft:item_frame":10,"minecraft:slime_spawn_egg":36,"minecraft:repeater":3,"minecraft:red_nether_brick_wall":19,"minecraft:birch_trapdoor":9,"minecraft:red_carpet":15,"minecraft:redstone_lamp":79,"minecraft:snow":10,"minecraft:brown_carpet":16,"minecraft:bow":43,"minecraft:scaffolding":6,"minecraft:furnace":6,"minecraft:oak_sapling":6,"minecraft:gray_bed":2,"minecraft:acacia_fence":1,"minecraft:skeleton_skull":3,"minecraft:egg":3,"minecraft:polished_blackstone_stairs":11,"minecraft:light_blue_carpet":12,"minecraft:zombie_horse_spawn_egg":4,"minecraft:chiseled_polished_blackstone":11,"minecraft:damaged_anvil":2,"minecraft:end_rod":50,"minecraft:end_stone_bricks":1,"minecraft:spruce_door":3,"minecraft:birch_leaves":73,"minecraft:red_stained_glass":51,"minecraft:gray_carpet":24,"minecraft:dark_oak_sign":5,"minecraft:blackstone":21,"minecraft:polished_diorite_slab":6,"minecraft:ender_pearl":2,"minecraft:redstone_block":29,"minecraft:black_glazed_terracotta":5,"minecraft:composter":1,"minecraft:smooth_quartz_stairs":48,"minecraft:oak_leaves":205,"minecraft:respawn_anchor":1,"minecraft:white_wool":1,"minecraft:golden_apple":20,"minecraft:dark_oak_trapdoor":12,"minecraft:light_blue_concrete":17,"minecraft:loom":9,"minecraft:light_blue_wool":5,"minecraft:smooth_red_sandstone":2,"minecraft:black_banner":13,"minecraft:light_gray_terracotta":145,"minecraft:yellow_concrete":19,"minecraft:acacia_leaves":10,"minecraft:sponge":10,"minecraft:stone_brick_wall":310,"minecraft:gray_concrete":97,"minecraft:black_bed":4,"minecraft:end_stone":1,"minecraft:red_sandstone_wall":6,"minecraft:crimson_fence_gate":3,"minecraft:creeper_spawn_egg":12,"minecraft:redstone_torch":47,"minecraft:sticky_piston":8,"minecraft:lever":23,"minecraft:green_concrete":128,"minecraft:black_concrete":105,"minecraft:firework_rocket":456,"minecraft:daylight_detector":1,"minecraft:crying_obsidian":3,"minecraft:birch_slab":64,"minecraft:lime_carpet":9,"minecraft:light_gray_concrete":171,"minecraft:stone_button":1,"minecraft:string":73,"minecraft:cyan_bed":2,"minecraft:warped_slab":80,"minecraft:lectern":2,"minecraft:red_terracotta":9,"minecraft:iron_door":7,"minecraft:diamond_ore":1,"minecraft:prismarine_wall":35,"minecraft:gravel":44,"minecraft:polished_andesite_slab":198,"minecraft:soul_lantern":14,"minecraft:smooth_red_sandstone_slab":22,"minecraft:bubble_coral_block":3,"minecraft:andesite":15,"minecraft:piglin_spawn_egg":2,"minecraft:chain":35,"minecraft:birch_log":8,"minecraft:mossy_cobblestone_wall":10,"minecraft:smooth_stone_slab":926,"minecraft:coarse_dirt":64,"minecraft:white_concrete":220,"minecraft:tropical_fish_bucket":3,"minecraft:chorus_plant":3,"minecraft:bone_meal":83,"minecraft:cobweb":83,"minecraft:diorite_slab":19,"minecraft:oak_trapdoor":1,"minecraft:netherite_sword":668,"minecraft:trident":12,"minecraft:iron_bars":182,"minecraft:acacia_log":82,"minecraft:flint_and_steel":2,"minecraft:carved_pumpkin":31,"minecraft:armor_stand":9,"minecraft:redstone":123,"minecraft:pufferfish_spawn_egg":11,"minecraft:light_gray_carpet":126,"minecraft:light_blue_terracotta":155,"minecraft:silverfish_spawn_egg":3,"minecraft:spruce_planks":4,"minecraft:ender_chest":1,"minecraft:wither_skeleton_spawn_egg":4,"minecraft:cooked_chicken":1,"minecraft:netherrack":9,"minecraft:bee_spawn_egg":2,"minecraft:torch":5,"minecraft:anvil":45,"minecraft:dirt":116,"minecraft:ancient_debris":21,"minecraft:target":1,"minecraft:white_carpet":12,"minecraft:nether_quartz_ore":1,"minecraft:twisting_vines":167,"minecraft:crimson_hyphae":59,"minecraft:yellow_carpet":22,"minecraft:nether_brick_slab":4,"minecraft:bee_nest":1,"minecraft:oak_wood":2,"minecraft:spruce_fence":35,"minecraft:blue_concrete":117,"minecraft:polished_diorite":11,"minecraft:fern":34,"minecraft:andesite_wall":57,"minecraft:stone_brick_slab":17,"minecraft:brown_terracotta":25,"minecraft:sea_lantern":327,"minecraft:chipped_anvil":4,"minecraft:bookshelf":12,"minecraft:light_gray_stained_glass":81,"minecraft:iron_block":841,"minecraft:iron_axe":29,"minecraft:smooth_sandstone":132,"minecraft:slime_block":8,"minecraft:warped_fence":69,"minecraft:acacia_slab":43,"minecraft:crimson_slab":11,"minecraft:chicken_spawn_egg":2,"minecraft:piglin_brute_spawn_egg":1,"minecraft:barrel":2,"minecraft:blaze_spawn_egg":3,"minecraft:light_gray_wool":92,"minecraft:glowstone":87,"minecraft:black_stained_glass":20,"minecraft:tall_grass":56,"minecraft:emerald_block":1,"minecraft:soul_soil":10,"minecraft:iron_trapdoor":189,"minecraft:wolf_spawn_egg":2,"minecraft:podzol":2,"minecraft:minecart":7,"minecraft:netherite_pickaxe":7,"minecraft:acacia_wood":1617,"minecraft:cyan_banner":9,"minecraft:acacia_planks":13,"minecraft:zombified_piglin_spawn_egg":2,"minecraft:turtle_egg":55,"minecraft:mossy_stone_brick_wall":35,"minecraft:enchanted_golden_apple":40,"minecraft:horn_coral_fan":21,"minecraft:brown_bed":1,"minecraft:brain_coral_block":2,"minecraft:water_bucket":112,"minecraft:warped_stem":36,"minecraft:nether_brick_wall":63,"minecraft:yellow_shulker_box":6,"minecraft:polished_andesite":11,"minecraft:lime_wool":8,"minecraft:pink_banner":3,"minecraft:black_shulker_box":6,"minecraft:blue_concrete_powder":45,"minecraft:spruce_sign":2,"minecraft:stonecutter":7,"minecraft:beacon":25,"minecraft:sheep_spawn_egg":1,"minecraft:green_bed":6,"minecraft:cobblestone_slab":1,"minecraft:polished_blackstone_bricks":8,"minecraft:diamond_block":1,"minecraft:rail":26,"minecraft:orange_carpet":5,"minecraft:light_gray_banner":12,"minecraft:comparator":1,"minecraft:vine":46,"minecraft:oak_slab":53,"minecraft:crafting_table":8,"minecraft:red_mushroom":10,"minecraft:birch_sign":21,"minecraft:campfire":8,"minecraft:white_bed":1,"minecraft:painting":31,"minecraft:spruce_log":1,"minecraft:brown_glazed_terracotta":27,"minecraft:cake":13,"minecraft:smoker":2,"minecraft:dark_oak_door":2,"minecraft:mushroom_stem":102,"minecraft:bat_spawn_egg":2,"minecraft:cyan_stained_glass":2,"minecraft:oak_log":38,"minecraft:netherite_block":247,"minecraft:piston":23,"minecraft:acacia_stairs":38,"minecraft:black_wool":12,"minecraft:warped_trapdoor":48,"minecraft:command_block":5,"minecraft:cracked_polished_blackstone_bricks":15,"minecraft:pig_spawn_egg":1,"minecraft:map":7,"minecraft:netherite_axe":10,"minecraft:detector_rail":11,"minecraft:stone_slab":241,"minecraft:acacia_fence_gate":3,"minecraft:stone_axe":19,"minecraft:chiseled_stone_bricks":1,"minecraft:blue_carpet":69,"minecraft:green_carpet":268,"minecraft:fishing_rod":52,"minecraft:cod_spawn_egg":4,"minecraft:cobblestone":15,"minecraft:end_crystal":3,"minecraft:purple_bed":1,"minecraft:white_banner":36,"minecraft:warped_fence_gate":16,"minecraft:bucket":9,"minecraft:red_banner":1,"minecraft:lapis_block":28,"minecraft:pink_shulker_box":23,"minecraft:glass_pane":61,"minecraft:sea_pickle":4,"minecraft:polished_blackstone_button":51,"minecraft:gray_wool":9,"minecraft:splash_potion":47,"minecraft:smooth_stone":2,"minecraft:brown_mushroom_block":1,"minecraft:jukebox":1},"minecraft:dropped":{"minecraft:quartz_pillar":1,"minecraft:elytra":1,"minecraft:leather_helmet":1,"minecraft:black_stained_glass_pane":2,"minecraft:yellow_dye":1,"minecraft:black_shulker_box":1,"minecraft:gravel":3,"minecraft:cooked_chicken":1,"minecraft:pig_spawn_egg":1,"minecraft:netherite_sword":1,"minecraft:stone_brick_wall":1,"minecraft:glowstone":1,"minecraft:firework_rocket":2,"minecraft:grass_block":1,"minecraft:milk_bucket":1,"minecraft:wooden_axe":1,"minecraft:light_gray_concrete":2},"minecraft:crafted":{"minecraft:oak_planks":100,"minecraft:stone_brick_slab":6,"minecraft:chiseled_stone_bricks":3,"minecraft:magenta_dye":1,"minecraft:oak_slab":192,"minecraft:crafting_table":1,"minecraft:yellow_dye":1,"minecraft:light_blue_dye":1,"minecraft:light_gray_dye":3,"minecraft:pink_dye":1,"minecraft:end_stone_bricks":64,"minecraft:red_dye":2,"minecraft:orange_dye":1,"minecraft:mossy_cobblestone_wall":6,"minecraft:firework_rocket":69}},"DataVersion":2586}