{"stats":{"minecraft:custom":{"minecraft:time_since_rest":27172,"minecraft:crouch_one_cm":449,"minecraft:sprint_one_cm":20856,"minecraft:play_time":27172,"minecraft:walk_one_cm":12051,"minecraft:sneak_time":158,"minecraft:walk_under_water_one_cm":486,"minecraft:jump":121,"minecraft:leave_game":8,"minecraft:time_since_death":27172,"minecraft:walk_on_water_one_cm":1203,"minecraft:total_world_time":27172,"minecraft:fly_one_cm":53131},"minecraft:picked_up":{"minecraft:birch_door":1},"minecraft:used":{"minecraft:birch_door":3,"minecraft:torch":6,"minecraft:sea_lantern":9,"minecraft:birch_slab":73,"minecraft:furnace":1,"minecraft:jungle_planks":48,"minecraft:gray_bed":1,"minecraft:glass_pane":6,"minecraft:oak_wood":3,"minecraft:chest":1,"minecraft:bamboo_planks":11}},"DataVersion":3953}