{"stats":{"minecraft:used":{"minecraft:birch_door":3,"minecraft:torch":6,"minecraft:sea_lantern":9,"minecraft:birch_slab":73,"minecraft:furnace":1,"minecraft:jungle_planks":48,"minecraft:gray_bed":1,"minecraft:glass_pane":6,"minecraft:oak_wood":3,"minecraft:chest":1,"minecraft:bamboo_planks":11},"minecraft:killed_by":{"minecraft:husk":1},"minecraft:picked_up":{"minecraft:birch_door":1},"minecraft:custom":{"minecraft:time_since_rest":2427,"minecraft:deaths":1,"minecraft:crouch_one_cm":449,"minecraft:play_time":38436,"minecraft:sprint_one_cm":28416,"minecraft:damage_taken":200,"minecraft:walk_one_cm":13082,"minecraft:sneak_time":158,"minecraft:walk_under_water_one_cm":1365,"minecraft:jump":172,"minecraft:leave_game":9,"minecraft:walk_on_water_one_cm":2875,"minecraft:time_since_death":2389,"minecraft:total_world_time":38436,"minecraft:swim_one_cm":4168,"minecraft:fall_one_cm":685,"minecraft:fly_one_cm":66854}},"DataVersion":3953}