{"stats":{"minecraft:custom":{"minecraft:time_since_rest":92,"minecraft:crouch_one_cm":1252,"minecraft:sprint_one_cm":54663,"minecraft:play_time":52659,"minecraft:deaths":13,"minecraft:damage_taken":5090,"minecraft:walk_one_cm":14506,"minecraft:sneak_time":267,"minecraft:drop":2,"minecraft:jump":611,"minecraft:damage_dealt":10,"minecraft:leave_game":2,"minecraft:time_since_death":62,"minecraft:total_world_time":53440,"minecraft:fly_one_cm":137937,"minecraft:fall_one_cm":75809},"minecraft:used":{"minecraft:mangrove_log":1,"minecraft:dirt":2,"minecraft:grass_block":1,"minecraft:bamboo_block":1,"minecraft:egg":1},"minecraft:mined":{"minecraft:short_grass":16,"minecraft:grass_block":2,"minecraft:tall_grass":2},"minecraft:dropped":{"minecraft:mangrove_log":1,"minecraft:grass_block":1},"minecraft:picked_up":{"minecraft:wheat_seeds":5,"minecraft:mangrove_log":2,"minecraft:dirt":2,"minecraft:egg":1}},"DataVersion":3953}