{"stats":{"minecraft:crafted":{"minecraft:crafting_table":1,"minecraft:spruce_planks":8,"minecraft:stick":8},"minecraft:custom":{"minecraft:time_since_rest":7396,"minecraft:crouch_one_cm":271,"minecraft:sprint_one_cm":30508,"minecraft:play_time":13062,"minecraft:damage_taken":340,"minecraft:deaths":1,"minecraft:walk_one_cm":7505,"minecraft:sneak_time":101,"minecraft:walk_under_water_one_cm":4337,"minecraft:drop":1,"minecraft:jump":247,"minecraft:damage_dealt":10,"minecraft:leave_game":2,"minecraft:time_since_death":7360,"minecraft:walk_on_water_one_cm":322,"minecraft:total_world_time":13062,"minecraft:swim_one_cm":1950,"minecraft:fall_one_cm":8047,"minecraft:fly_one_cm":89705},"minecraft:dropped":{"minecraft:wheat_seeds":1},"minecraft:mined":{"minecraft:short_grass":8,"minecraft:grass_block":1,"minecraft:dirt":1,"minecraft:spruce_log":2},"minecraft:picked_up":{"minecraft:wheat_seeds":1,"minecraft:spruce_log":2,"minecraft:dirt":2},"minecraft:used":{"minecraft:dirt":2}},"DataVersion":3700}