{"stats":{"minecraft:mined":{"minecraft:short_grass":21,"minecraft:grass_block":2,"minecraft:tall_grass":2},"minecraft:dropped":{"minecraft:mangrove_log":1,"minecraft:grass_block":1},"minecraft:picked_up":{"minecraft:netherite_block":12096,"minecraft:oak_slab":640,"minecraft:netherite_boots":7,"minecraft:black_bed":7,"minecraft:warped_hyphae":448,"minecraft:netherite_helmet":7,"minecraft:wheat_seeds":5,"minecraft:oak_stairs":640,"minecraft:netherite_chestplate":7,"minecraft:oak_planks":640,"minecraft:netherite_leggings":7,"minecraft:mangrove_log":2,"minecraft:dirt":2,"minecraft:egg":1},"minecraft:custom":{"minecraft:open_chest":1,"minecraft:time_since_rest":1,"minecraft:crouch_one_cm":1356,"minecraft:sprint_one_cm":135855,"minecraft:play_time":88750,"minecraft:damage_taken":21210,"minecraft:walk_one_cm":26795,"minecraft:deaths":41,"minecraft:sneak_time":419,"minecraft:walk_under_water_one_cm":567,"minecraft:drop":2,"minecraft:jump":1178,"minecraft:damage_dealt":10,"minecraft:leave_game":6,"minecraft:time_since_death":0,"minecraft:walk_on_water_one_cm":56,"minecraft:total_world_time":89531,"minecraft:swim_one_cm":3604,"minecraft:fall_one_cm":271392,"minecraft:fly_one_cm":325660},"minecraft:used":{"minecraft:dirt":2,"minecraft:mangrove_log":1,"minecraft:grass_block":1,"minecraft:bamboo_block":1,"minecraft:egg":1,"minecraft:black_bed":1}},"DataVersion":3953}