{"stats":{"minecraft:dropped":{"minecraft:mangrove_log":1,"minecraft:grass_block":1},"minecraft:used":{"minecraft:dirt":2,"minecraft:mangrove_log":1,"minecraft:grass_block":1,"minecraft:bamboo_block":1,"minecraft:egg":1},"minecraft:mined":{"minecraft:short_grass":18,"minecraft:grass_block":2,"minecraft:tall_grass":2},"minecraft:custom":{"minecraft:open_chest":1,"minecraft:time_since_rest":721,"minecraft:crouch_one_cm":1252,"minecraft:play_time":71207,"minecraft:sprint_one_cm":94431,"minecraft:damage_taken":11410,"minecraft:deaths":28,"minecraft:walk_one_cm":19953,"minecraft:sneak_time":267,"minecraft:walk_under_water_one_cm":567,"minecraft:drop":2,"minecraft:jump":954,"minecraft:damage_dealt":10,"minecraft:leave_game":5,"minecraft:walk_on_water_one_cm":56,"minecraft:time_since_death":689,"minecraft:total_world_time":71988,"minecraft:swim_one_cm":3604,"minecraft:fall_one_cm":156550,"minecraft:fly_one_cm":261190},"minecraft:picked_up":{"minecraft:wheat_seeds":5,"minecraft:mangrove_log":2,"minecraft:dirt":2,"minecraft:egg":1}},"DataVersion":3953}