{"stats":{"minecraft:custom":{"minecraft:jump":250,"minecraft:time_since_rest":14282,"minecraft:damage_dealt":10,"minecraft:crouch_one_cm":556,"minecraft:damage_taken":2060,"minecraft:play_time":22659,"minecraft:leave_game":2,"minecraft:sprint_one_cm":18975,"minecraft:walk_one_cm":4511,"minecraft:time_since_death":14251,"minecraft:deaths":6,"minecraft:sneak_time":123,"minecraft:total_world_time":23440,"minecraft:fall_one_cm":31762,"minecraft:fly_one_cm":48951},"minecraft:used":{"minecraft:bamboo_block":1,"minecraft:dirt":1,"minecraft:mangrove_log":1},"minecraft:mined":{"minecraft:short_grass":5,"minecraft:tall_grass":2,"minecraft:grass_block":1},"minecraft:picked_up":{"minecraft:wheat_seeds":1,"minecraft:mangrove_log":1,"minecraft:dirt":1}},"DataVersion":3953}