{"stats":{"minecraft:mined":{"minecraft:dark_oak_fence":2,"minecraft:grass_block":5,"minecraft:cherry_planks":2,"minecraft:dirt":3},"minecraft:used":{"minecraft:water_bucket":1,"minecraft:golden_apple":3,"minecraft:diamond_block":64,"minecraft:dirt":5,"minecraft:firework_rocket":25,"minecraft:crafting_table":1,"minecraft:grass_block":52,"minecraft:bread":3,"minecraft:bucket":1,"minecraft:elytra":1,"minecraft:egg":1,"minecraft:cherry_planks":31,"minecraft:cherry_leaves":85},"minecraft:killed_by":{"minecraft:pillager":2},"minecraft:custom":{"minecraft:open_chest":2,"minecraft:time_since_rest":942,"minecraft:deaths":2,"minecraft:crouch_one_cm":3585,"minecraft:play_time":46053,"minecraft:sprint_one_cm":137351,"minecraft:damage_taken":896,"minecraft:damage_absorbed":80,"minecraft:walk_one_cm":28265,"minecraft:sneak_time":892,"minecraft:aviate_one_cm":515515,"minecraft:jump":1013,"minecraft:damage_dealt":60,"minecraft:leave_game":6,"minecraft:walk_on_water_one_cm":44,"minecraft:time_since_death":922,"minecraft:climb_one_cm":12,"minecraft:total_world_time":46053,"minecraft:interact_with_crafting_table":1,"minecraft:fall_one_cm":11897,"minecraft:fly_one_cm":456363},"minecraft:picked_up":{"minecraft:cherry_planks":2,"minecraft:water_bucket":1,"minecraft:grass_block":1,"minecraft:dark_oak_fence":2,"minecraft:dirt":8,"minecraft:egg":2},"minecraft:crafted":{"minecraft:dark_oak_planks":28,"minecraft:crafting_table":1,"minecraft:bread":3}},"DataVersion":3700}