{"stats":{"minecraft:mined":{"minecraft:short_grass":21,"minecraft:grass_block":2,"minecraft:tall_grass":2},"minecraft:dropped":{"minecraft:mangrove_log":1,"minecraft:grass_block":1},"minecraft:picked_up":{"minecraft:netherite_block":19008,"minecraft:oak_slab":960,"minecraft:netherite_boots":12,"minecraft:black_bed":12,"minecraft:warped_hyphae":768,"minecraft:netherite_helmet":12,"minecraft:wheat_seeds":5,"minecraft:oak_stairs":960,"minecraft:netherite_chestplate":11,"minecraft:oak_planks":960,"minecraft:netherite_leggings":12,"minecraft:mangrove_log":2,"minecraft:dirt":2,"minecraft:egg":1},"minecraft:custom":{"minecraft:open_chest":1,"minecraft:time_since_rest":2009,"minecraft:crouch_one_cm":1356,"minecraft:sprint_one_cm":140729,"minecraft:play_time":100750,"minecraft:damage_taken":27050,"minecraft:walk_one_cm":31584,"minecraft:deaths":48,"minecraft:sneak_time":441,"minecraft:walk_under_water_one_cm":567,"minecraft:drop":2,"minecraft:jump":1195,"minecraft:damage_dealt":10,"minecraft:leave_game":6,"minecraft:time_since_death":1975,"minecraft:walk_on_water_one_cm":56,"minecraft:total_world_time":101531,"minecraft:swim_one_cm":3604,"minecraft:fall_one_cm":332533,"minecraft:fly_one_cm":330526},"minecraft:used":{"minecraft:dirt":2,"minecraft:mangrove_log":1,"minecraft:grass_block":1,"minecraft:bamboo_block":1,"minecraft:egg":1,"minecraft:black_bed":1}},"DataVersion":3953}