{"stats":{"minecraft:custom":{"minecraft:jump":82,"minecraft:time_since_rest":14847,"minecraft:crouch_one_cm":84,"minecraft:play_time":14847,"minecraft:leave_game":3,"minecraft:sprint_one_cm":11660,"minecraft:walk_on_water_one_cm":545,"minecraft:time_since_death":14847,"minecraft:walk_one_cm":2599,"minecraft:sneak_time":61,"minecraft:total_world_time":14847,"minecraft:walk_under_water_one_cm":301,"minecraft:fly_one_cm":26514},"minecraft:used":{"minecraft:oak_wood":3,"minecraft:sea_lantern":9}},"DataVersion":3953}