{"stats":{"minecraft:custom":{"minecraft:jump":410,"minecraft:time_since_rest":1571,"minecraft:damage_dealt":10,"minecraft:crouch_one_cm":556,"minecraft:damage_taken":2490,"minecraft:play_time":34659,"minecraft:leave_game":2,"minecraft:sprint_one_cm":32632,"minecraft:walk_one_cm":6788,"minecraft:time_since_death":1542,"minecraft:deaths":7,"minecraft:sneak_time":123,"minecraft:total_world_time":35440,"minecraft:fall_one_cm":41856,"minecraft:fly_one_cm":87191},"minecraft:used":{"minecraft:bamboo_block":1,"minecraft:dirt":2,"minecraft:mangrove_log":1},"minecraft:mined":{"minecraft:short_grass":16,"minecraft:tall_grass":2,"minecraft:grass_block":2},"minecraft:picked_up":{"minecraft:wheat_seeds":5,"minecraft:mangrove_log":2,"minecraft:dirt":2}},"DataVersion":3953}