{"stats":{"minecraft:picked_up":{"minecraft:birch_door":1,"minecraft:prismarine_crystals":4},"minecraft:custom":{"minecraft:time_since_rest":656,"minecraft:crouch_one_cm":579,"minecraft:deaths":1,"minecraft:play_time":58675,"minecraft:sprint_one_cm":45413,"minecraft:damage_taken":315,"minecraft:walk_one_cm":17851,"minecraft:sneak_time":289,"minecraft:walk_under_water_one_cm":1995,"minecraft:jump":296,"minecraft:damage_dealt":19,"minecraft:leave_game":17,"minecraft:walk_on_water_one_cm":5753,"minecraft:time_since_death":22628,"minecraft:sleep_in_bed":1,"minecraft:total_world_time":58675,"minecraft:swim_one_cm":10326,"minecraft:fall_one_cm":2113,"minecraft:fly_one_cm":103274},"minecraft:mined":{"minecraft:sea_lantern":3},"minecraft:killed_by":{"minecraft:husk":1},"minecraft:used":{"minecraft:birch_door":3,"minecraft:torch":6,"minecraft:sea_lantern":14,"minecraft:sand":50,"minecraft:birch_slab":73,"minecraft:furnace":1,"minecraft:jungle_planks":48,"minecraft:gray_bed":1,"minecraft:glass_pane":6,"minecraft:oak_wood":3,"minecraft:chest":1,"minecraft:bamboo_planks":11}},"DataVersion":3953}