{"stats":{"minecraft:mined":{"minecraft:short_grass":24,"minecraft:grass_block":2,"minecraft:tall_grass":2},"minecraft:dropped":{"minecraft:mangrove_log":1,"minecraft:grass_block":1},"minecraft:picked_up":{"minecraft:netherite_block":36096,"minecraft:oak_slab":1664,"minecraft:netherite_boots":23,"minecraft:black_bed":23,"minecraft:warped_hyphae":1472,"minecraft:netherite_helmet":23,"minecraft:wheat_seeds":5,"minecraft:oak_stairs":1664,"minecraft:netherite_chestplate":22,"minecraft:oak_planks":1664,"minecraft:netherite_leggings":23,"minecraft:mangrove_log":2,"minecraft:dirt":2,"minecraft:egg":1},"minecraft:custom":{"minecraft:open_chest":1,"minecraft:time_since_rest":3458,"minecraft:crouch_one_cm":1630,"minecraft:sprint_one_cm":165068,"minecraft:play_time":118290,"minecraft:damage_taken":34600,"minecraft:walk_one_cm":38553,"minecraft:deaths":59,"minecraft:sneak_time":660,"minecraft:walk_under_water_one_cm":567,"minecraft:drop":2,"minecraft:jump":1328,"minecraft:damage_dealt":10,"minecraft:leave_game":7,"minecraft:time_since_death":3426,"minecraft:walk_on_water_one_cm":56,"minecraft:total_world_time":119071,"minecraft:swim_one_cm":3604,"minecraft:fall_one_cm":422520,"minecraft:fly_one_cm":376279},"minecraft:used":{"minecraft:dirt":2,"minecraft:mangrove_log":1,"minecraft:grass_block":1,"minecraft:bamboo_block":1,"minecraft:egg":1,"minecraft:black_bed":1}},"DataVersion":3953}