{"stats":{"minecraft:custom":{"minecraft:jump":152,"minecraft:time_since_rest":2282,"minecraft:damage_dealt":10,"minecraft:crouch_one_cm":532,"minecraft:damage_taken":2060,"minecraft:play_time":10659,"minecraft:leave_game":2,"minecraft:sprint_one_cm":12831,"minecraft:walk_one_cm":3338,"minecraft:time_since_death":2251,"minecraft:deaths":6,"minecraft:sneak_time":121,"minecraft:total_world_time":11440,"minecraft:fall_one_cm":28720,"minecraft:fly_one_cm":31619},"minecraft:used":{"minecraft:bamboo_block":1,"minecraft:dirt":1,"minecraft:mangrove_log":1},"minecraft:mined":{"minecraft:short_grass":1,"minecraft:tall_grass":1,"minecraft:grass_block":1},"minecraft:picked_up":{"minecraft:wheat_seeds":1,"minecraft:mangrove_log":1,"minecraft:dirt":1}},"DataVersion":3953}