{"stats":{"minecraft:mined":{"minecraft:grass_block":4},"minecraft:used":{"minecraft:diamond_block":64,"minecraft:dirt":4,"minecraft:cherry_leaves":68},"minecraft:custom":{"minecraft:jump":428,"minecraft:time_since_rest":15974,"minecraft:leave_game":3,"minecraft:crouch_one_cm":2820,"minecraft:play_time":15974,"minecraft:sprint_one_cm":41422,"minecraft:damage_taken":70,"minecraft:time_since_death":15974,"minecraft:walk_one_cm":9927,"minecraft:sneak_time":394,"minecraft:total_world_time":15974,"minecraft:fall_one_cm":4534,"minecraft:fly_one_cm":199506},"minecraft:picked_up":{"minecraft:dirt":4}},"DataVersion":3700}