{"stats":{"minecraft:mined":{"minecraft:short_grass":21,"minecraft:grass_block":2,"minecraft:tall_grass":2},"minecraft:dropped":{"minecraft:mangrove_log":1,"minecraft:grass_block":1},"minecraft:picked_up":{"minecraft:oak_slab":192,"minecraft:wheat_seeds":5,"minecraft:oak_stairs":192,"minecraft:oak_planks":192,"minecraft:mangrove_log":2,"minecraft:dirt":2,"minecraft:egg":1},"minecraft:custom":{"minecraft:time_since_rest":1560,"minecraft:open_chest":1,"minecraft:crouch_one_cm":1252,"minecraft:play_time":76784,"minecraft:sprint_one_cm":118844,"minecraft:damage_taken":12860,"minecraft:walk_one_cm":22248,"minecraft:deaths":31,"minecraft:sneak_time":267,"minecraft:walk_under_water_one_cm":567,"minecraft:drop":2,"minecraft:jump":1103,"minecraft:damage_dealt":10,"minecraft:leave_game":5,"minecraft:walk_on_water_one_cm":56,"minecraft:time_since_death":1530,"minecraft:total_world_time":77565,"minecraft:swim_one_cm":3604,"minecraft:fall_one_cm":182100,"minecraft:fly_one_cm":308374},"minecraft:used":{"minecraft:dirt":2,"minecraft:mangrove_log":1,"minecraft:grass_block":1,"minecraft:bamboo_block":1,"minecraft:egg":1,"minecraft:black_bed":1}},"DataVersion":3953}