{"stats":{"minecraft:picked_up":{"minecraft:anvil":1,"minecraft:shield":21,"minecraft:spruce_door":3,"minecraft:blue_carpet":3,"minecraft:elytra":6,"minecraft:firework_rocket":909,"minecraft:golden_apple":162},"minecraft:used":{"minecraft:waxed_oxidized_copper":1,"minecraft:waxed_exposed_cut_copper":1,"minecraft:water_bucket":30,"minecraft:black_wool":1,"minecraft:mangrove_log":43,"minecraft:firework_rocket":178,"minecraft:light_gray_concrete":3,"minecraft:iron_block":2,"minecraft:acacia_trapdoor":41,"minecraft:netherite_chestplate":2,"minecraft:acacia_slab":9,"minecraft:elytra":10,"minecraft:andesite_slab":3,"minecraft:chest":5,"minecraft:shield":103,"minecraft:red_terracotta":1,"minecraft:sniffer_egg":3,"minecraft:raw_gold_block":77,"minecraft:netherite_boots":2,"minecraft:diamond_chestplate":7,"minecraft:blue_carpet":6,"minecraft:golden_apple":16,"minecraft:anvil":6,"minecraft:netherite_leggings":2,"minecraft:loom":3,"minecraft:white_banner":28,"minecraft:dark_oak_fence":3,"minecraft:black_banner":8,"minecraft:red_banner":5,"minecraft:lapis_block":69,"minecraft:netherite_helmet":2,"minecraft:smooth_stone_slab":1,"minecraft:raw_iron_block":4,"minecraft:blue_concrete":4,"minecraft:stripped_spruce_log":1,"minecraft:bamboo_planks":20},"minecraft:mined":{"minecraft:spruce_door":1,"minecraft:oak_leaves":1},"minecraft:custom":{"minecraft:time_since_rest":56178,"minecraft:walk_one_cm":177101,"minecraft:sprint_one_cm":999144,"minecraft:damage_taken":3311,"minecraft:damage_absorbed":392,"minecraft:damage_blocked_by_shield":1145,"minecraft:interact_with_anvil":8,"minecraft:drop":4,"minecraft:damage_dealt":23,"minecraft:swim_one_cm":196,"minecraft:fly_one_cm":1783446,"minecraft:open_chest":7,"minecraft:crouch_one_cm":24336,"minecraft:interact_with_loom":11,"minecraft:play_time":140528,"minecraft:open_shulker_box":1,"minecraft:deaths":5,"minecraft:sneak_time":4161,"minecraft:walk_under_water_one_cm":372,"minecraft:aviate_one_cm":3488671,"minecraft:jump":1982,"minecraft:leave_game":11,"minecraft:walk_on_water_one_cm":2593,"minecraft:time_since_death":56143,"minecraft:total_world_time":299646,"minecraft:fall_one_cm":42037,"minecraft:horse_one_cm":854},"minecraft:dropped":{"minecraft:shield":4},"minecraft:killed_by":{"minecraft:slime":1,"minecraft:spider":1},"minecraft:broken":{"minecraft:shield":2}},"DataVersion":3953}