{"stats":{"minecraft:broken":{"minecraft:shield":2},"minecraft:killed_by":{"minecraft:slime":1,"minecraft:spider":1},"minecraft:mined":{"minecraft:spruce_door":1,"minecraft:oak_leaves":1},"minecraft:custom":{"minecraft:time_since_rest":2894,"minecraft:damage_absorbed":392,"minecraft:sprint_one_cm":1037721,"minecraft:damage_taken":4980,"minecraft:walk_one_cm":184726,"minecraft:damage_blocked_by_shield":1145,"minecraft:interact_with_anvil":8,"minecraft:drop":4,"minecraft:damage_dealt":73,"minecraft:swim_one_cm":196,"minecraft:fly_one_cm":2320299,"minecraft:open_chest":7,"minecraft:crouch_one_cm":26012,"minecraft:play_time":158255,"minecraft:open_shulker_box":1,"minecraft:interact_with_loom":11,"minecraft:deaths":6,"minecraft:sneak_time":5135,"minecraft:walk_under_water_one_cm":372,"minecraft:aviate_one_cm":3712587,"minecraft:jump":2206,"minecraft:leave_game":11,"minecraft:time_since_death":2860,"minecraft:walk_on_water_one_cm":2593,"minecraft:total_world_time":317373,"minecraft:fall_one_cm":56790,"minecraft:horse_one_cm":854},"minecraft:dropped":{"minecraft:shield":4},"minecraft:picked_up":{"minecraft:anvil":1,"minecraft:shield":21,"minecraft:spruce_door":3,"minecraft:blue_carpet":3,"minecraft:elytra":6,"minecraft:firework_rocket":909,"minecraft:golden_apple":162},"minecraft:used":{"minecraft:waxed_oxidized_copper":1,"minecraft:waxed_exposed_cut_copper":1,"minecraft:water_bucket":30,"minecraft:black_wool":1,"minecraft:mangrove_log":44,"minecraft:firework_rocket":192,"minecraft:light_gray_concrete":3,"minecraft:yellow_stained_glass":27,"minecraft:iron_block":2,"minecraft:acacia_trapdoor":41,"minecraft:barrier":13,"minecraft:netherite_chestplate":2,"minecraft:elytra":11,"minecraft:acacia_slab":9,"minecraft:andesite_slab":3,"minecraft:chest":5,"minecraft:shield":103,"minecraft:red_terracotta":1,"minecraft:sniffer_egg":3,"minecraft:raw_gold_block":77,"minecraft:bedrock":6,"minecraft:blue_carpet":6,"minecraft:diamond_chestplate":7,"minecraft:netherite_boots":2,"minecraft:golden_apple":16,"minecraft:anvil":6,"minecraft:netherite_leggings":2,"minecraft:loom":3,"minecraft:white_banner":28,"minecraft:dark_oak_fence":3,"minecraft:black_banner":8,"minecraft:red_banner":5,"minecraft:lapis_block":69,"minecraft:netherite_helmet":2,"minecraft:smooth_stone_slab":1,"minecraft:raw_iron_block":4,"minecraft:blue_concrete":4,"minecraft:stripped_spruce_log":1,"minecraft:bamboo_planks":20}},"DataVersion":3953}