{"stats":{"minecraft:custom":{"minecraft:time_since_rest":17984,"minecraft:play_time":17984,"minecraft:crouch_one_cm":1952,"minecraft:sprint_one_cm":36763,"minecraft:damage_taken":30,"minecraft:walk_one_cm":39351,"minecraft:sneak_time":1057,"minecraft:jump":109,"minecraft:time_since_death":17984,"minecraft:total_world_time":17984,"minecraft:fall_one_cm":1028,"minecraft:fly_one_cm":80224},"minecraft:used":{"minecraft:white_candle":1,"minecraft:netherite_block":5,"minecraft:jungle_wood":7,"minecraft:reinforced_deepslate":4,"minecraft:end_rod":21,"minecraft:cherry_wood":16,"minecraft:dirt":2,"minecraft:stripped_dark_oak_log":19,"minecraft:flint_and_steel":4,"minecraft:spruce_wood":10,"minecraft:smooth_quartz_slab":76,"minecraft:iron_block":36,"minecraft:grass_block":3,"minecraft:cherry_log":13,"minecraft:beacon":4},"minecraft:mined":{"minecraft:grass_block":1},"minecraft:picked_up":{"minecraft:stick":2,"minecraft:oak_sapling":2,"minecraft:dirt":1}},"DataVersion":3700}