{"stats":{"minecraft:dropped":{"minecraft:shield":4},"minecraft:picked_up":{"minecraft:barrier":4,"minecraft:black_carpet":185,"minecraft:anvil":1,"minecraft:water_bucket":4,"minecraft:shield":21,"minecraft:cyan_bed":2,"minecraft:blue_carpet":30,"minecraft:spruce_door":3,"minecraft:elytra":8,"minecraft:firework_rocket":1005,"minecraft:netherite_sword":4,"minecraft:golden_apple":162},"minecraft:killed_by":{"minecraft:slime":1,"minecraft:spider":1},"minecraft:broken":{"minecraft:shield":2},"minecraft:mined":{"minecraft:blue_carpet":27,"minecraft:spruce_door":1,"minecraft:black_carpet":8,"minecraft:cyan_bed":1,"minecraft:oak_leaves":1},"minecraft:custom":{"minecraft:time_since_rest":72,"minecraft:sprint_one_cm":1161227,"minecraft:damage_taken":8649,"minecraft:damage_absorbed":392,"minecraft:walk_one_cm":207695,"minecraft:damage_blocked_by_shield":1145,"minecraft:interact_with_anvil":8,"minecraft:drop":4,"minecraft:damage_dealt":443,"minecraft:swim_one_cm":196,"minecraft:fly_one_cm":2573452,"minecraft:player_kills":1,"minecraft:open_chest":7,"minecraft:crouch_one_cm":28330,"minecraft:play_time":183264,"minecraft:open_shulker_box":1,"minecraft:interact_with_loom":11,"minecraft:deaths":11,"minecraft:sneak_time":5795,"minecraft:walk_under_water_one_cm":372,"minecraft:aviate_one_cm":4279022,"minecraft:jump":2722,"minecraft:leave_game":12,"minecraft:walk_on_water_one_cm":2686,"minecraft:time_since_death":39,"minecraft:total_world_time":342382,"minecraft:climb_one_cm":810,"minecraft:fall_one_cm":99503,"minecraft:horse_one_cm":854},"minecraft:used":{"minecraft:waxed_oxidized_copper":1,"minecraft:waxed_exposed_cut_copper":1,"minecraft:netherite_sword":4,"minecraft:water_bucket":33,"minecraft:black_wool":1,"minecraft:mangrove_log":44,"minecraft:firework_rocket":243,"minecraft:light_gray_concrete":3,"minecraft:yellow_stained_glass":27,"minecraft:iron_block":2,"minecraft:acacia_trapdoor":41,"minecraft:netherite_chestplate":2,"minecraft:barrier":13,"minecraft:elytra":13,"minecraft:acacia_slab":9,"minecraft:black_carpet":40,"minecraft:andesite_slab":3,"minecraft:chest":5,"minecraft:shield":103,"minecraft:red_terracotta":1,"minecraft:sniffer_egg":3,"minecraft:raw_gold_block":77,"minecraft:bedrock":6,"minecraft:blue_carpet":33,"minecraft:netherite_boots":2,"minecraft:diamond_chestplate":7,"minecraft:golden_apple":16,"minecraft:anvil":6,"minecraft:netherite_leggings":2,"minecraft:loom":3,"minecraft:white_banner":28,"minecraft:dark_oak_fence":3,"minecraft:red_banner":5,"minecraft:black_banner":8,"minecraft:bucket":3,"minecraft:lapis_block":69,"minecraft:netherite_helmet":2,"minecraft:smooth_stone_slab":1,"minecraft:raw_iron_block":4,"minecraft:blue_concrete":4,"minecraft:stripped_spruce_log":1,"minecraft:bamboo_planks":20}},"DataVersion":3953}