{"stats":{"minecraft:picked_up":{"minecraft:stick":1,"minecraft:birch_door":1,"minecraft:prismarine_crystals":6,"minecraft:chicken_spawn_egg":64,"minecraft:rotten_flesh":3,"minecraft:wheat_seeds":62,"minecraft:wolf_spawn_egg":1,"minecraft:sugar_cane":26},"minecraft:custom":{"minecraft:time_since_rest":1212,"minecraft:sprint_one_cm":83851,"minecraft:damage_taken":1010,"minecraft:walk_one_cm":44671,"minecraft:mob_kills":2,"minecraft:animals_bred":1,"minecraft:damage_dealt":172,"minecraft:swim_one_cm":24225,"minecraft:fly_one_cm":180407,"minecraft:crouch_one_cm":579,"minecraft:play_time":69669,"minecraft:deaths":2,"minecraft:sneak_time":311,"minecraft:walk_under_water_one_cm":3015,"minecraft:jump":496,"minecraft:leave_game":17,"minecraft:time_since_death":1177,"minecraft:walk_on_water_one_cm":6472,"minecraft:sleep_in_bed":1,"minecraft:total_world_time":69669,"minecraft:fall_one_cm":12242},"minecraft:mined":{"minecraft:sea_lantern":3,"minecraft:dead_bush":1,"minecraft:sugar_cane":6},"minecraft:killed_by":{"minecraft:husk":1},"minecraft:used":{"minecraft:birch_door":3,"minecraft:oak_fence":32,"minecraft:sea_lantern":15,"minecraft:birch_slab":73,"minecraft:chicken_spawn_egg":33,"minecraft:chest":1,"minecraft:cooked_chicken":6,"minecraft:rotten_flesh":1,"minecraft:torch":6,"minecraft:sand":54,"minecraft:wolf_spawn_egg":1,"minecraft:furnace":1,"minecraft:jungle_planks":48,"minecraft:gray_bed":1,"minecraft:glass_pane":6,"minecraft:oak_wood":3,"minecraft:bamboo_planks":11}},"DataVersion":3953}