{"stats":{"minecraft:broken":{"minecraft:shield":2},"minecraft:killed_by":{"minecraft:slime":1,"minecraft:spider":1},"minecraft:mined":{"minecraft:blue_carpet":27,"minecraft:spruce_door":1,"minecraft:black_carpet":8,"minecraft:oak_leaves":1},"minecraft:custom":{"minecraft:time_since_rest":9296,"minecraft:damage_absorbed":392,"minecraft:sprint_one_cm":1147501,"minecraft:damage_taken":7129,"minecraft:walk_one_cm":203625,"minecraft:damage_blocked_by_shield":1145,"minecraft:interact_with_anvil":8,"minecraft:drop":4,"minecraft:damage_dealt":443,"minecraft:swim_one_cm":196,"minecraft:player_kills":1,"minecraft:fly_one_cm":2474674,"minecraft:open_chest":7,"minecraft:crouch_one_cm":27971,"minecraft:play_time":177798,"minecraft:open_shulker_box":1,"minecraft:interact_with_loom":11,"minecraft:deaths":8,"minecraft:sneak_time":5646,"minecraft:walk_under_water_one_cm":372,"minecraft:aviate_one_cm":4244558,"minecraft:jump":2674,"minecraft:leave_game":12,"minecraft:time_since_death":9266,"minecraft:walk_on_water_one_cm":2686,"minecraft:climb_one_cm":810,"minecraft:total_world_time":336916,"minecraft:fall_one_cm":82304,"minecraft:horse_one_cm":854},"minecraft:dropped":{"minecraft:shield":4},"minecraft:used":{"minecraft:netherite_sword":4,"minecraft:waxed_oxidized_copper":1,"minecraft:waxed_exposed_cut_copper":1,"minecraft:water_bucket":33,"minecraft:black_wool":1,"minecraft:mangrove_log":44,"minecraft:firework_rocket":237,"minecraft:light_gray_concrete":3,"minecraft:yellow_stained_glass":27,"minecraft:iron_block":2,"minecraft:acacia_trapdoor":41,"minecraft:barrier":13,"minecraft:netherite_chestplate":2,"minecraft:elytra":12,"minecraft:acacia_slab":9,"minecraft:black_carpet":40,"minecraft:andesite_slab":3,"minecraft:chest":5,"minecraft:shield":103,"minecraft:red_terracotta":1,"minecraft:sniffer_egg":3,"minecraft:raw_gold_block":77,"minecraft:bedrock":6,"minecraft:blue_carpet":33,"minecraft:diamond_chestplate":7,"minecraft:netherite_boots":2,"minecraft:golden_apple":16,"minecraft:anvil":6,"minecraft:netherite_leggings":2,"minecraft:loom":3,"minecraft:white_banner":28,"minecraft:dark_oak_fence":3,"minecraft:bucket":3,"minecraft:black_banner":8,"minecraft:red_banner":5,"minecraft:lapis_block":69,"minecraft:netherite_helmet":2,"minecraft:smooth_stone_slab":1,"minecraft:raw_iron_block":4,"minecraft:blue_concrete":4,"minecraft:stripped_spruce_log":1,"minecraft:bamboo_planks":20},"minecraft:picked_up":{"minecraft:black_carpet":71,"minecraft:barrier":2,"minecraft:anvil":1,"minecraft:water_bucket":2,"minecraft:shield":21,"minecraft:spruce_door":3,"minecraft:blue_carpet":30,"minecraft:elytra":6,"minecraft:firework_rocket":909,"minecraft:netherite_sword":2,"minecraft:golden_apple":162}},"DataVersion":3953}