{
  "minecraft:recipes/decorations/crafting_table": {
    "criteria": {
      "unlock_right_away": "2024-07-07 02:19:54 +0000"
    },
    "done": true
  },
  "minecraft:adventure/adventuring_time": {
    "criteria": {
      "minecraft:snowy_slopes": "2024-07-07 02:33:23 +0000",
      "minecraft:forest": "2024-07-07 02:19:55 +0000",
      "minecraft:cherry_grove": "2024-07-07 02:33:22 +0000",
      "minecraft:dripstone_caves": "2024-07-07 02:35:39 +0000",
      "minecraft:savanna": "2024-07-07 02:35:32 +0000",
      "minecraft:plains": "2024-07-07 02:22:23 +0000"
    },
    "done": false
  },
  "minecraft:recipes/misc/diamond": {
    "criteria": {
      "has_diamond_block": "2024-07-07 02:28:23 +0000"
    },
    "done": true
  },
  "DataVersion": 3700
}